##### Asset #####,audioclip_sfx_0_jp.ab
Hash,85ee0eb8128414bbaf5b4ebb58f88c7a
UUID,0f2a82b6-7ae0-4179-b349-b6826cb38ed3
Link,https://sdorica.rayark.download/androidExp/client_assets/0f2a82b6-7ae0-4179-b349-b6826cb38ed3/audioclip_sfx_0_jp.ab
##### Asset #####,audioclip_sfx_1_jp.ab
Hash,129919c6c5131f7a713329a0af879418
UUID,27f4aabb-2e38-44c1-9c66-d077ac46c8c5
Link,https://sdorica.rayark.download/androidExp/client_assets/27f4aabb-2e38-44c1-9c66-d077ac46c8c5/audioclip_sfx_1_jp.ab
##### Asset #####,audioclip_sfx_10_jp.ab
Hash,defa801227d48b914cc5cc727182898a
UUID,6f75a2b9-61cf-4aad-bb23-a72e27f083b3
Link,https://sdorica.rayark.download/androidExp/client_assets/6f75a2b9-61cf-4aad-bb23-a72e27f083b3/audioclip_sfx_10_jp.ab
##### Asset #####,audioclip_sfx_11_jp.ab
Hash,e9c1574ee6cec829c7db4827bb110476
UUID,b83f8c9c-89e8-4dae-8b25-7b31ae666d66
Link,https://sdorica.rayark.download/androidExp/client_assets/b83f8c9c-89e8-4dae-8b25-7b31ae666d66/audioclip_sfx_11_jp.ab
##### Asset #####,audioclip_sfx_12_jp.ab
Hash,7ffe32e3e9c0da53ca5323bbccd4301e
UUID,b9b7334a-742e-4fc9-b217-90503a2f822a
Link,https://sdorica.rayark.download/androidExp/client_assets/b9b7334a-742e-4fc9-b217-90503a2f822a/audioclip_sfx_12_jp.ab
##### Asset #####,audioclip_sfx_13_jp.ab
Hash,415498f023dd337952f7d8e636c7027e
UUID,9f730ef3-4d92-433d-9f04-435bf682450c
Link,https://sdorica.rayark.download/androidExp/client_assets/9f730ef3-4d92-433d-9f04-435bf682450c/audioclip_sfx_13_jp.ab
##### Asset #####,audioclip_sfx_14_jp.ab
Hash,43963e3781780e77423a5ed5786a5e1b
UUID,944f2675-fe6b-4ece-9978-598889343c39
Link,https://sdorica.rayark.download/androidExp/client_assets/944f2675-fe6b-4ece-9978-598889343c39/audioclip_sfx_14_jp.ab
##### Asset #####,audioclip_sfx_15_jp.ab
Hash,a88ad30b1d4c710394f53960274c857b
UUID,7553b8b4-f60d-4747-902b-2357f90e5b1b
Link,https://sdorica.rayark.download/androidExp/client_assets/7553b8b4-f60d-4747-902b-2357f90e5b1b/audioclip_sfx_15_jp.ab
##### Asset #####,audioclip_sfx_16_jp.ab
Hash,3326af259c153c19fe4d50ff61adbc24
UUID,efca4d09-e04f-4830-9c0b-a61a44f61291
Link,https://sdorica.rayark.download/androidExp/client_assets/efca4d09-e04f-4830-9c0b-a61a44f61291/audioclip_sfx_16_jp.ab
##### Asset #####,audioclip_sfx_17_jp.ab
Hash,cdaabf3032afebe50953f05aaf8fff53
UUID,350c2b1a-cfab-43c2-b563-c57e729ddd2d
Link,https://sdorica.rayark.download/androidExp/client_assets/350c2b1a-cfab-43c2-b563-c57e729ddd2d/audioclip_sfx_17_jp.ab
##### Asset #####,audioclip_sfx_18_jp.ab
Hash,a9226c1722db8cf8ff251bf440d0dd6e
UUID,42595cf7-7934-481e-8bf6-46051a47ef9f
Link,https://sdorica.rayark.download/androidExp/client_assets/42595cf7-7934-481e-8bf6-46051a47ef9f/audioclip_sfx_18_jp.ab
##### Asset #####,audioclip_sfx_19_jp.ab
Hash,c2b0cc7a5f2c89086a9f43563ef9a665
UUID,318ac639-2609-4c7e-b728-17cf6c19fdfa
Link,https://sdorica.rayark.download/androidExp/client_assets/318ac639-2609-4c7e-b728-17cf6c19fdfa/audioclip_sfx_19_jp.ab
##### Asset #####,audioclip_sfx_2_jp.ab
Hash,fba70df47d94fe993184c6ca11a94203
UUID,c812a55f-39da-4e82-b4a3-af3c36c95ccd
Link,https://sdorica.rayark.download/androidExp/client_assets/c812a55f-39da-4e82-b4a3-af3c36c95ccd/audioclip_sfx_2_jp.ab
##### Asset #####,audioclip_sfx_20_jp.ab
Hash,fb775fce2ccd0d52d1d1068d087e7042
UUID,9a8199d0-3a37-40f2-99e6-c6ea5be5f953
Link,https://sdorica.rayark.download/androidExp/client_assets/9a8199d0-3a37-40f2-99e6-c6ea5be5f953/audioclip_sfx_20_jp.ab
##### Asset #####,audioclip_sfx_21_jp.ab
Hash,9f0fc69047025cecf90aa5a228b59fec
UUID,80d4cb8b-3649-4574-af4e-b90577722b9c
Link,https://sdorica.rayark.download/androidExp/client_assets/80d4cb8b-3649-4574-af4e-b90577722b9c/audioclip_sfx_21_jp.ab
##### Asset #####,audioclip_sfx_22_jp.ab
Hash,66602338ccc5d5366c0afb727b6e6355
UUID,b4c45c4e-1b66-455e-be59-3f7ee983db56
Link,https://sdorica.rayark.download/androidExp/client_assets/b4c45c4e-1b66-455e-be59-3f7ee983db56/audioclip_sfx_22_jp.ab
##### Asset #####,audioclip_sfx_23_jp.ab
Hash,941147162d78bce9a52d807c85afd57f
UUID,3822acfe-73a2-4989-a7cf-def81c02a2f4
Link,https://sdorica.rayark.download/androidExp/client_assets/3822acfe-73a2-4989-a7cf-def81c02a2f4/audioclip_sfx_23_jp.ab
##### Asset #####,audioclip_sfx_24_jp.ab
Hash,ef16d66ed1cee20c4fa3b162f08e52e8
UUID,92cc836e-51d9-4a25-abbc-6a60be9a36c7
Link,https://sdorica.rayark.download/androidExp/client_assets/92cc836e-51d9-4a25-abbc-6a60be9a36c7/audioclip_sfx_24_jp.ab
##### Asset #####,audioclip_sfx_25_jp.ab
Hash,0bcdcd70cd34599342d863dcac74dc83
UUID,2c503f9e-ac26-4150-a73d-83740ced26a5
Link,https://sdorica.rayark.download/androidExp/client_assets/2c503f9e-ac26-4150-a73d-83740ced26a5/audioclip_sfx_25_jp.ab
##### Asset #####,audioclip_sfx_26_jp.ab
Hash,e2f222604001a0175a0b0df96a8ca33c
UUID,c88f9427-ebc4-439f-bd39-daa7061937d7
Link,https://sdorica.rayark.download/androidExp/client_assets/c88f9427-ebc4-439f-bd39-daa7061937d7/audioclip_sfx_26_jp.ab
##### Asset #####,audioclip_sfx_27_jp.ab
Hash,a426ed9a5d2c2946bb5633357763b738
UUID,fd0f1115-46fd-4d0f-8ff6-960b097beaea
Link,https://sdorica.rayark.download/androidExp/client_assets/fd0f1115-46fd-4d0f-8ff6-960b097beaea/audioclip_sfx_27_jp.ab
##### Asset #####,audioclip_sfx_28_jp.ab
Hash,c5f031c4455560b195a5ae0b5908870d
UUID,385fd473-97b5-4853-9d07-acbf8b6580b7
Link,https://sdorica.rayark.download/androidExp/client_assets/385fd473-97b5-4853-9d07-acbf8b6580b7/audioclip_sfx_28_jp.ab
##### Asset #####,audioclip_sfx_29_jp.ab
Hash,d6f3934ec73aec26f035f6b29e07ecca
UUID,1f3a3c9d-1fc1-4a2d-af03-e013be0d9677
Link,https://sdorica.rayark.download/androidExp/client_assets/1f3a3c9d-1fc1-4a2d-af03-e013be0d9677/audioclip_sfx_29_jp.ab
##### Asset #####,audioclip_sfx_3_jp.ab
Hash,bb830c2ac53b1a33745da7c43497394b
UUID,939db905-2736-431c-ba18-46551315d7d7
Link,https://sdorica.rayark.download/androidExp/client_assets/939db905-2736-431c-ba18-46551315d7d7/audioclip_sfx_3_jp.ab
##### Asset #####,audioclip_sfx_30_jp.ab
Hash,a3081fd3ce082b9f004aa67416859f72
UUID,ed849c49-61fe-4c6e-afce-393cd4022f4a
Link,https://sdorica.rayark.download/androidExp/client_assets/ed849c49-61fe-4c6e-afce-393cd4022f4a/audioclip_sfx_30_jp.ab
##### Asset #####,audioclip_sfx_31_jp.ab
Hash,cf8a7b7c2ea72b18c390972747e94bb8
UUID,4fad09be-49f6-47b5-b246-b11bda913786
Link,https://sdorica.rayark.download/androidExp/client_assets/4fad09be-49f6-47b5-b246-b11bda913786/audioclip_sfx_31_jp.ab
##### Asset #####,audioclip_sfx_32_jp.ab
Hash,b9f0c9864c61c5541dd4e59229b832a2
UUID,196cc91d-8473-4082-b08c-0ef0586abe81
Link,https://sdorica.rayark.download/androidExp/client_assets/196cc91d-8473-4082-b08c-0ef0586abe81/audioclip_sfx_32_jp.ab
##### Asset #####,audioclip_sfx_33_jp.ab
Hash,2496132a3ad90499699f99150aff54fd
UUID,474209b0-1cbe-4c47-9ae8-a63567f4479d
Link,https://sdorica.rayark.download/androidExp/client_assets/474209b0-1cbe-4c47-9ae8-a63567f4479d/audioclip_sfx_33_jp.ab
##### Asset #####,audioclip_sfx_34_jp.ab
Hash,0fc33199b0fb12374bd067a314b0acfe
UUID,830c7c36-5628-4de4-b785-7dc5daeb2ee9
Link,https://sdorica.rayark.download/androidExp/client_assets/830c7c36-5628-4de4-b785-7dc5daeb2ee9/audioclip_sfx_34_jp.ab
##### Asset #####,audioclip_sfx_35_jp.ab
Hash,3fcf6ca1b7330b68545174529d9e5ebb
UUID,a0cffacf-e325-4af7-8268-1d4837d900b5
Link,https://sdorica.rayark.download/androidExp/client_assets/a0cffacf-e325-4af7-8268-1d4837d900b5/audioclip_sfx_35_jp.ab
##### Asset #####,audioclip_sfx_36_jp.ab
Hash,4f91c711fbddd2d4d75a97ac8c28eac8
UUID,d8275a07-2fef-4e41-a45a-92a07ccb3079
Link,https://sdorica.rayark.download/androidExp/client_assets/d8275a07-2fef-4e41-a45a-92a07ccb3079/audioclip_sfx_36_jp.ab
##### Asset #####,audioclip_sfx_37_jp.ab
Hash,07cf2e8729a54fb3556162dc0d0c6d54
UUID,57a773a9-c187-4b8c-ba34-7e8c3cd82219
Link,https://sdorica.rayark.download/androidExp/client_assets/57a773a9-c187-4b8c-ba34-7e8c3cd82219/audioclip_sfx_37_jp.ab
##### Asset #####,audioclip_sfx_38_jp.ab
Hash,addea6464427302442f655aeb8e59684
UUID,4bfa0356-b77a-4d7f-a6a4-349b5704a61c
Link,https://sdorica.rayark.download/androidExp/client_assets/4bfa0356-b77a-4d7f-a6a4-349b5704a61c/audioclip_sfx_38_jp.ab
##### Asset #####,audioclip_sfx_39_jp.ab
Hash,f39df5b79538eb106e2696a397cbd11e
UUID,bad8b1c1-7691-47ea-980f-da37bf3b1093
Link,https://sdorica.rayark.download/androidExp/client_assets/bad8b1c1-7691-47ea-980f-da37bf3b1093/audioclip_sfx_39_jp.ab
##### Asset #####,audioclip_sfx_4_jp.ab
Hash,75f3872aa074dda6b9cfac325d6894b7
UUID,6648d8fd-82e1-469b-aa21-0f5c3a38ab2c
Link,https://sdorica.rayark.download/androidExp/client_assets/6648d8fd-82e1-469b-aa21-0f5c3a38ab2c/audioclip_sfx_4_jp.ab
##### Asset #####,audioclip_sfx_40_jp.ab
Hash,42dfb52791ff8945331614dd91ba8230
UUID,72a428c2-1f16-4a04-b2cb-5319313b3642
Link,https://sdorica.rayark.download/androidExp/client_assets/72a428c2-1f16-4a04-b2cb-5319313b3642/audioclip_sfx_40_jp.ab
##### Asset #####,audioclip_sfx_41_jp.ab
Hash,3573ca96eb11702e97b0835534276d21
UUID,021ac3c5-4efa-4cb8-83fc-5f239188fbe6
Link,https://sdorica.rayark.download/androidExp/client_assets/021ac3c5-4efa-4cb8-83fc-5f239188fbe6/audioclip_sfx_41_jp.ab
##### Asset #####,audioclip_sfx_42_jp.ab
Hash,aef0fe95bd95df46823fbbab78a3de81
UUID,b0e8e7c3-22e4-4911-ac81-7a46ca2dbfe1
Link,https://sdorica.rayark.download/androidExp/client_assets/b0e8e7c3-22e4-4911-ac81-7a46ca2dbfe1/audioclip_sfx_42_jp.ab
##### Asset #####,audioclip_sfx_43_jp.ab
Hash,3500756c04cc01b536aa7b08b6e1a177
UUID,d80e32d7-5dc0-47c2-a0d4-c2c941df4212
Link,https://sdorica.rayark.download/androidExp/client_assets/d80e32d7-5dc0-47c2-a0d4-c2c941df4212/audioclip_sfx_43_jp.ab
##### Asset #####,audioclip_sfx_44_jp.ab
Hash,c557d5cdbb4208b5e4300356169e956e
UUID,247cbf56-a547-49d1-ad6c-c8ce1881c3ae
Link,https://sdorica.rayark.download/androidExp/client_assets/247cbf56-a547-49d1-ad6c-c8ce1881c3ae/audioclip_sfx_44_jp.ab
##### Asset #####,audioclip_sfx_45_jp.ab
Hash,6516a2db16eeb68acedb3a2b8fd322b8
UUID,2485507d-65e2-4fb9-8b7c-34b60fdc2104
Link,https://sdorica.rayark.download/androidExp/client_assets/2485507d-65e2-4fb9-8b7c-34b60fdc2104/audioclip_sfx_45_jp.ab
##### Asset #####,audioclip_sfx_46_jp.ab
Hash,9dd8fe2d37f972a52d2ad585934eae16
UUID,7aa92771-cc83-40cc-9a11-c4e8e675b7e3
Link,https://sdorica.rayark.download/androidExp/client_assets/7aa92771-cc83-40cc-9a11-c4e8e675b7e3/audioclip_sfx_46_jp.ab
##### Asset #####,audioclip_sfx_47_jp.ab
Hash,f932d719658ab2f473e87cfe327de222
UUID,df9b72c8-e134-4aca-a642-dfb63b98fdf0
Link,https://sdorica.rayark.download/androidExp/client_assets/df9b72c8-e134-4aca-a642-dfb63b98fdf0/audioclip_sfx_47_jp.ab
##### Asset #####,audioclip_sfx_48_jp.ab
Hash,21c4423fbd9e32c25354417ac5f74e4f
UUID,35a178e1-15fb-4c73-b69e-7df1b82b10af
Link,https://sdorica.rayark.download/androidExp/client_assets/35a178e1-15fb-4c73-b69e-7df1b82b10af/audioclip_sfx_48_jp.ab
##### Asset #####,audioclip_sfx_49_jp.ab
Hash,e04ee663ee1f7f7144bef138f010f39e
UUID,1a227ed8-d300-4efb-b545-f741d0d753df
Link,https://sdorica.rayark.download/androidExp/client_assets/1a227ed8-d300-4efb-b545-f741d0d753df/audioclip_sfx_49_jp.ab
##### Asset #####,audioclip_sfx_5_jp.ab
Hash,d333cd7e9480393529ae0fbdf482f3e5
UUID,a897298b-8b0c-40b8-87bb-b1f549012a2f
Link,https://sdorica.rayark.download/androidExp/client_assets/a897298b-8b0c-40b8-87bb-b1f549012a2f/audioclip_sfx_5_jp.ab
##### Asset #####,audioclip_sfx_6_jp.ab
Hash,8a18a9ec1c41979629f849665387c419
UUID,9344541e-e5b2-4127-ad1a-a90f856448a4
Link,https://sdorica.rayark.download/androidExp/client_assets/9344541e-e5b2-4127-ad1a-a90f856448a4/audioclip_sfx_6_jp.ab
##### Asset #####,audioclip_sfx_7_jp.ab
Hash,22d832be18b638b3f5d85b574fb323dd
UUID,4575c841-411f-484a-a0b8-4ec6fa387275
Link,https://sdorica.rayark.download/androidExp/client_assets/4575c841-411f-484a-a0b8-4ec6fa387275/audioclip_sfx_7_jp.ab
##### Asset #####,audioclip_sfx_8_jp.ab
Hash,a5d687fd38d8719b1a4ec047e2d8df06
UUID,3629fff0-40f5-4cd2-9d4d-993d73154971
Link,https://sdorica.rayark.download/androidExp/client_assets/3629fff0-40f5-4cd2-9d4d-993d73154971/audioclip_sfx_8_jp.ab
##### Asset #####,audioclip_sfx_9_jp.ab
Hash,0bd54f8b0e3ecd6442e2d1dd1ec84d5a
UUID,26507ba7-905c-4c99-9976-0aefa0906572
Link,https://sdorica.rayark.download/androidExp/client_assets/26507ba7-905c-4c99-9976-0aefa0906572/audioclip_sfx_9_jp.ab
##### Asset #####,audioclip_sfx_b0001_jp.ab
Hash,b564c0bec774b1e92d34d5066d481ba6
UUID,6596121d-4b16-4d49-9666-8f35192ab8f9
Link,https://sdorica.rayark.download/androidExp/client_assets/6596121d-4b16-4d49-9666-8f35192ab8f9/audioclip_sfx_b0001_jp.ab
##### Asset #####,audioclip_sfx_b0015_jp.ab
Hash,2e4c69a26c64138a915e292bead0e218
UUID,02390ba9-bc44-4b7b-a1be-6a87697f2f69
Link,https://sdorica.rayark.download/androidExp/client_assets/02390ba9-bc44-4b7b-a1be-6a87697f2f69/audioclip_sfx_b0015_jp.ab
##### Asset #####,audioclip_sfx_b0028_jp.ab
Hash,37d719ef0cd75910234fb1103ff93526
UUID,788ec169-6bed-4701-bb1b-1c50e201274a
Link,https://sdorica.rayark.download/androidExp/client_assets/788ec169-6bed-4701-bb1b-1c50e201274a/audioclip_sfx_b0028_jp.ab
##### Asset #####,audioclip_sfx_b0037_jp.ab
Hash,37f635a7e5c5ffeecef72631a310889d
UUID,605d66d9-17b6-4268-a2e7-420cf5597060
Link,https://sdorica.rayark.download/androidExp/client_assets/605d66d9-17b6-4268-a2e7-420cf5597060/audioclip_sfx_b0037_jp.ab
##### Asset #####,audioclip_sfx_e0002_jp.ab
Hash,0687d9ec196006bc51044f1887299025
UUID,ffb9860c-b05d-4afd-b682-54987109e2b3
Link,https://sdorica.rayark.download/androidExp/client_assets/ffb9860c-b05d-4afd-b682-54987109e2b3/audioclip_sfx_e0002_jp.ab
##### Asset #####,audioclip_sfx_e0046_jp.ab
Hash,96f5be1ec981c05f3a1eb7846e3ca0f4
UUID,425acb46-6e48-4832-92e2-240c77e790c5
Link,https://sdorica.rayark.download/androidExp/client_assets/425acb46-6e48-4832-92e2-240c77e790c5/audioclip_sfx_e0046_jp.ab
##### Asset #####,audioclip_sfx_h0003_jp.ab
Hash,0c27b83eeeb5cc4b716d02ba8a0470cd
UUID,f2c39112-a2a4-4e58-aa31-3a94ff5c500e
Link,https://sdorica.rayark.download/androidExp/client_assets/f2c39112-a2a4-4e58-aa31-3a94ff5c500e/audioclip_sfx_h0003_jp.ab
##### Asset #####,audioclip_sfx_h0004_jp.ab
Hash,c51f262b4b4149aee2ca90d723018cfc
UUID,750acfcd-2da0-458b-bd91-8026ae63705c
Link,https://sdorica.rayark.download/androidExp/client_assets/750acfcd-2da0-458b-bd91-8026ae63705c/audioclip_sfx_h0004_jp.ab
##### Asset #####,audioclip_sfx_h0005_jp.ab
Hash,acfd40b01024255787c5ba4d42821f29
UUID,1d360422-84fd-4aaa-8e59-48290cae60e4
Link,https://sdorica.rayark.download/androidExp/client_assets/1d360422-84fd-4aaa-8e59-48290cae60e4/audioclip_sfx_h0005_jp.ab
##### Asset #####,audioclip_sfx_h0006_jp.ab
Hash,187ad16c61231ede1e995216eb462667
UUID,852e7cff-66f9-4f6c-9973-12ae2a0725e3
Link,https://sdorica.rayark.download/androidExp/client_assets/852e7cff-66f9-4f6c-9973-12ae2a0725e3/audioclip_sfx_h0006_jp.ab
##### Asset #####,audioclip_sfx_h0007_jp.ab
Hash,6e26e4a18197cd9388c0d5ba35ad6c93
UUID,79c258e0-c872-4ae5-a1c0-b7937306fd8e
Link,https://sdorica.rayark.download/androidExp/client_assets/79c258e0-c872-4ae5-a1c0-b7937306fd8e/audioclip_sfx_h0007_jp.ab
##### Asset #####,audioclip_sfx_h0008_jp.ab
Hash,1f889ad60bdcdeb0c33ab79a77941bf3
UUID,c37046f2-fbda-4f15-974e-886691cd10e1
Link,https://sdorica.rayark.download/androidExp/client_assets/c37046f2-fbda-4f15-974e-886691cd10e1/audioclip_sfx_h0008_jp.ab
##### Asset #####,audioclip_sfx_h0009_jp.ab
Hash,eaab650e2be1a65b1843720e1aad1a19
UUID,b53214d3-a497-427d-97df-1132b4f32fe5
Link,https://sdorica.rayark.download/androidExp/client_assets/b53214d3-a497-427d-97df-1132b4f32fe5/audioclip_sfx_h0009_jp.ab
##### Asset #####,audioclip_sfx_h0010_jp.ab
Hash,7afcb758c68682a9addaf3bf96f845db
UUID,123227d2-5815-42aa-abef-3d9faf50bb80
Link,https://sdorica.rayark.download/androidExp/client_assets/123227d2-5815-42aa-abef-3d9faf50bb80/audioclip_sfx_h0010_jp.ab
##### Asset #####,audioclip_sfx_h0012_jp.ab
Hash,98588af22b454cbf18c769df609d7d60
UUID,edbe732a-4a4c-4ea5-8eab-3ba1f61c46eb
Link,https://sdorica.rayark.download/androidExp/client_assets/edbe732a-4a4c-4ea5-8eab-3ba1f61c46eb/audioclip_sfx_h0012_jp.ab
##### Asset #####,audioclip_sfx_h0013_jp.ab
Hash,5806635a0c1c0789aa17d351fdf3af88
UUID,34150a4a-6671-41b3-9fc7-dcc50f8419cc
Link,https://sdorica.rayark.download/androidExp/client_assets/34150a4a-6671-41b3-9fc7-dcc50f8419cc/audioclip_sfx_h0013_jp.ab
##### Asset #####,audioclip_sfx_h0014_jp.ab
Hash,1eb7fc1c50ede386d8b0b6be50fc5794
UUID,69c6786a-4522-4651-addd-cf940af96e73
Link,https://sdorica.rayark.download/androidExp/client_assets/69c6786a-4522-4651-addd-cf940af96e73/audioclip_sfx_h0014_jp.ab
##### Asset #####,audioclip_sfx_h0016_jp.ab
Hash,dea8ce2bbc50d09fcf3af2e7abdf1dfc
UUID,da71abbe-4595-405b-bc12-31419ad71d5f
Link,https://sdorica.rayark.download/androidExp/client_assets/da71abbe-4595-405b-bc12-31419ad71d5f/audioclip_sfx_h0016_jp.ab
##### Asset #####,audioclip_sfx_h0018_jp.ab
Hash,77e83caa0539c3b41d3e3d30df21cf6d
UUID,386bf025-62ce-41e9-ada1-0cfb180b8a98
Link,https://sdorica.rayark.download/androidExp/client_assets/386bf025-62ce-41e9-ada1-0cfb180b8a98/audioclip_sfx_h0018_jp.ab
##### Asset #####,audioclip_sfx_h0020_jp.ab
Hash,b1b22dc495386a747228e29c2130e258
UUID,ee7ea8dd-6267-4762-b2bc-1b7ecded740f
Link,https://sdorica.rayark.download/androidExp/client_assets/ee7ea8dd-6267-4762-b2bc-1b7ecded740f/audioclip_sfx_h0020_jp.ab
##### Asset #####,audioclip_sfx_h0021_jp.ab
Hash,f2255431f2e08c44bcfe58ce4a5072bc
UUID,74e72606-1c90-41e7-9c2b-921d90b928c1
Link,https://sdorica.rayark.download/androidExp/client_assets/74e72606-1c90-41e7-9c2b-921d90b928c1/audioclip_sfx_h0021_jp.ab
##### Asset #####,audioclip_sfx_h0022_jp.ab
Hash,6c61c6b73b0346397fd2e97850a54f08
UUID,db8cf430-9ba3-46db-aa6e-d92e42b364f3
Link,https://sdorica.rayark.download/androidExp/client_assets/db8cf430-9ba3-46db-aa6e-d92e42b364f3/audioclip_sfx_h0022_jp.ab
##### Asset #####,audioclip_sfx_h0023_jp.ab
Hash,7f9dbdaf8316fa41fdc922781f99db95
UUID,9766a7aa-4897-4f89-8f14-ae84ea285a2e
Link,https://sdorica.rayark.download/androidExp/client_assets/9766a7aa-4897-4f89-8f14-ae84ea285a2e/audioclip_sfx_h0023_jp.ab
##### Asset #####,audioclip_sfx_h0024_jp.ab
Hash,de701bba07ca298e2380146d890ee2cc
UUID,8420b97c-01f4-443d-9b59-4bb65c1d7d43
Link,https://sdorica.rayark.download/androidExp/client_assets/8420b97c-01f4-443d-9b59-4bb65c1d7d43/audioclip_sfx_h0024_jp.ab
##### Asset #####,audioclip_sfx_h0025_jp.ab
Hash,ca63321a971aecfe476836a8001bac44
UUID,484d6c39-e104-41a1-ad91-ea791351d878
Link,https://sdorica.rayark.download/androidExp/client_assets/484d6c39-e104-41a1-ad91-ea791351d878/audioclip_sfx_h0025_jp.ab
##### Asset #####,audioclip_sfx_h0029_jp.ab
Hash,6314f33dd11aacb7a0dcc87a026ba070
UUID,1642d0e9-233f-424e-9f00-74affe5a1dbe
Link,https://sdorica.rayark.download/androidExp/client_assets/1642d0e9-233f-424e-9f00-74affe5a1dbe/audioclip_sfx_h0029_jp.ab
##### Asset #####,audioclip_sfx_h0030_jp.ab
Hash,02251bc4e7258f1c12e33cf8c670ee8e
UUID,3c322b95-68cc-425c-9e9a-ca44506b2985
Link,https://sdorica.rayark.download/androidExp/client_assets/3c322b95-68cc-425c-9e9a-ca44506b2985/audioclip_sfx_h0030_jp.ab
##### Asset #####,audioclip_sfx_h0031_jp.ab
Hash,3d6d2ef8b1556fecdb077c842c063ef7
UUID,4d6c32e3-bc6a-427c-9ec8-d96894f410c8
Link,https://sdorica.rayark.download/androidExp/client_assets/4d6c32e3-bc6a-427c-9ec8-d96894f410c8/audioclip_sfx_h0031_jp.ab
##### Asset #####,audioclip_sfx_h0035_jp.ab
Hash,f22b6bb57a5f7cd786229abd86b2ff31
UUID,35a36ce0-2ccd-4ab1-b231-8c7fd4e7899e
Link,https://sdorica.rayark.download/androidExp/client_assets/35a36ce0-2ccd-4ab1-b231-8c7fd4e7899e/audioclip_sfx_h0035_jp.ab
##### Asset #####,audioclip_sfx_h0036_jp.ab
Hash,c98b95f63d363c7e4cbf5a50331cadbd
UUID,72d6fa1d-e59b-4736-8c96-56ddaa7c5bb3
Link,https://sdorica.rayark.download/androidExp/client_assets/72d6fa1d-e59b-4736-8c96-56ddaa7c5bb3/audioclip_sfx_h0036_jp.ab
##### Asset #####,audioclip_sfx_h0038_jp.ab
Hash,1c25578d7b8afcfb7e8786183d0d7147
UUID,da2d7383-2105-49e6-9f4f-86c780ab5ee5
Link,https://sdorica.rayark.download/androidExp/client_assets/da2d7383-2105-49e6-9f4f-86c780ab5ee5/audioclip_sfx_h0038_jp.ab
##### Asset #####,audioclip_sfx_h0040_jp.ab
Hash,91e252e629450c4f74e466583d81f92c
UUID,bba5559e-980a-4fc5-9813-d019fcf4d267
Link,https://sdorica.rayark.download/androidExp/client_assets/bba5559e-980a-4fc5-9813-d019fcf4d267/audioclip_sfx_h0040_jp.ab
##### Asset #####,audioclip_sfx_h0041_jp.ab
Hash,8670f5ada82de1225e21d68a693b039a
UUID,15a2bff9-89db-4950-87ac-2e4d8ef247c2
Link,https://sdorica.rayark.download/androidExp/client_assets/15a2bff9-89db-4950-87ac-2e4d8ef247c2/audioclip_sfx_h0041_jp.ab
##### Asset #####,audioclip_sfx_h0042_jp.ab
Hash,08569c8c5d4ffef9d3ce671bcf8a5af6
UUID,2bf4d156-a8b2-4ee9-bb3f-f2be8575fb9c
Link,https://sdorica.rayark.download/androidExp/client_assets/2bf4d156-a8b2-4ee9-bb3f-f2be8575fb9c/audioclip_sfx_h0042_jp.ab
##### Asset #####,audioclip_sfx_h0043_jp.ab
Hash,62c00675b29cb3d7961fa088d8767f0d
UUID,bb48c4d2-73a9-44d2-b0bf-18e09947b211
Link,https://sdorica.rayark.download/androidExp/client_assets/bb48c4d2-73a9-44d2-b0bf-18e09947b211/audioclip_sfx_h0043_jp.ab
##### Asset #####,audioclip_sfx_h0044_jp.ab
Hash,9196ecd9297b0a97d3d1d029e2e6f607
UUID,86c28783-f001-40c2-a0ee-c70a17c0b741
Link,https://sdorica.rayark.download/androidExp/client_assets/86c28783-f001-40c2-a0ee-c70a17c0b741/audioclip_sfx_h0044_jp.ab
##### Asset #####,audioclip_sfx_h0045_jp.ab
Hash,b128aeded78d0e6401513c0b4864bb4d
UUID,9ba44d81-59a8-494b-9526-e05ed1112c7e
Link,https://sdorica.rayark.download/androidExp/client_assets/9ba44d81-59a8-494b-9526-e05ed1112c7e/audioclip_sfx_h0045_jp.ab
##### Asset #####,audioclip_sfx_h0047_jp.ab
Hash,4c87d7f1272ed41908edb7881ff6752c
UUID,e15b9b49-f893-432c-a363-57861b637e57
Link,https://sdorica.rayark.download/androidExp/client_assets/e15b9b49-f893-432c-a363-57861b637e57/audioclip_sfx_h0047_jp.ab
##### Asset #####,audioclip_sfx_h0048_jp.ab
Hash,7088eeba896a7c17f3f09335f6df8c3d
UUID,743db8e4-9635-4b88-9ad8-525ef22ca278
Link,https://sdorica.rayark.download/androidExp/client_assets/743db8e4-9635-4b88-9ad8-525ef22ca278/audioclip_sfx_h0048_jp.ab
##### Asset #####,audioclip_sfx_h0073_jp.ab
Hash,ae34d8414d8189afc016f9f89ee12795
UUID,1ca4f4f7-1efa-43be-9d04-6c225bc6380d
Link,https://sdorica.rayark.download/androidExp/client_assets/1ca4f4f7-1efa-43be-9d04-6c225bc6380d/audioclip_sfx_h0073_jp.ab
##### Asset #####,audioclip_sfx_h0097_jp.ab
Hash,034fe63eedcb2e61fdc607a2da7d2803
UUID,dc2a3c76-1b7a-4557-9354-998af3768301
Link,https://sdorica.rayark.download/androidExp/client_assets/dc2a3c76-1b7a-4557-9354-998af3768301/audioclip_sfx_h0097_jp.ab
##### Asset #####,audioclip_sfx_h0128_jp.ab
Hash,0c8cc07ab0100390a38825a440478969
UUID,7300aabf-e332-4a58-ba2b-ba5319b13b2a
Link,https://sdorica.rayark.download/androidExp/client_assets/7300aabf-e332-4a58-ba2b-ba5319b13b2a/audioclip_sfx_h0128_jp.ab
##### Asset #####,audioclip_sfx_h0133_jp.ab
Hash,3ef5d771d5a6f25e5c8a9436d4715037
UUID,fb48a95a-0821-4c98-92d6-7823bb3c3866
Link,https://sdorica.rayark.download/androidExp/client_assets/fb48a95a-0821-4c98-92d6-7823bb3c3866/audioclip_sfx_h0133_jp.ab
##### Asset #####,audioclip_sfx_h0134_jp.ab
Hash,7325a1ff49c6b2aa005be68e834c8d7f
UUID,a41179eb-b8be-40a8-8039-477f2a084f55
Link,https://sdorica.rayark.download/androidExp/client_assets/a41179eb-b8be-40a8-8039-477f2a084f55/audioclip_sfx_h0134_jp.ab
##### Asset #####,audioclip_sfx_h0135_jp.ab
Hash,e3534cef0a1298ccee5a5b8080208805
UUID,3c55bda3-fc2d-4fa3-9515-a35423273b2c
Link,https://sdorica.rayark.download/androidExp/client_assets/3c55bda3-fc2d-4fa3-9515-a35423273b2c/audioclip_sfx_h0135_jp.ab
##### Asset #####,audioclip_sfx_h0136_jp.ab
Hash,4c669c35032721aa5d2181de91aa6f38
UUID,00128b1a-e193-4ee7-ac81-37a1f4e3f910
Link,https://sdorica.rayark.download/androidExp/client_assets/00128b1a-e193-4ee7-ac81-37a1f4e3f910/audioclip_sfx_h0136_jp.ab
##### Asset #####,audioclip_sfx_h0137_jp.ab
Hash,7a353ec54a683d4eca74faa255af4174
UUID,eaae809d-7f32-4dcd-b18d-3fc577be2e4e
Link,https://sdorica.rayark.download/androidExp/client_assets/eaae809d-7f32-4dcd-b18d-3fc577be2e4e/audioclip_sfx_h0137_jp.ab
##### Asset #####,audioclip_sfx_h0138_jp.ab
Hash,261053c3d897748aedabb599dcddacad
UUID,fa74580a-d63e-4420-ae7d-d64c9eb20c83
Link,https://sdorica.rayark.download/androidExp/client_assets/fa74580a-d63e-4420-ae7d-d64c9eb20c83/audioclip_sfx_h0138_jp.ab
##### Asset #####,audioclip_sfx_h0150_jp.ab
Hash,0be621560e382a1d5d986c1fcd9192c0
UUID,d4a1854a-650c-4db0-aaf3-7f79cf7b6a33
Link,https://sdorica.rayark.download/androidExp/client_assets/d4a1854a-650c-4db0-aaf3-7f79cf7b6a33/audioclip_sfx_h0150_jp.ab
##### Asset #####,audioclip_sfx_h0151_jp.ab
Hash,9d7aa4e9130761e8538682305c74fdcb
UUID,e9205f8f-689d-403d-9eef-b9cc31379531
Link,https://sdorica.rayark.download/androidExp/client_assets/e9205f8f-689d-403d-9eef-b9cc31379531/audioclip_sfx_h0151_jp.ab
##### Asset #####,audioclip_sfx_h0152_jp.ab
Hash,a94f8b0f1a7fce2c04e4588c05137ea6
UUID,d67b5078-f3f6-47d8-bdce-d7298d66f4bb
Link,https://sdorica.rayark.download/androidExp/client_assets/d67b5078-f3f6-47d8-bdce-d7298d66f4bb/audioclip_sfx_h0152_jp.ab
##### Asset #####,audioclip_sfx_h0154_jp.ab
Hash,633d5e697fa75d10f374d48a3a019eeb
UUID,392171f4-6d67-4f55-8c3e-cc501c75671b
Link,https://sdorica.rayark.download/androidExp/client_assets/392171f4-6d67-4f55-8c3e-cc501c75671b/audioclip_sfx_h0154_jp.ab
##### Asset #####,audioclip_sfx_h0157_jp.ab
Hash,2f1a76dd210027b7286da582acd7b2c1
UUID,9ec61b8b-804c-45af-8636-e4a3b340d6a9
Link,https://sdorica.rayark.download/androidExp/client_assets/9ec61b8b-804c-45af-8636-e4a3b340d6a9/audioclip_sfx_h0157_jp.ab
##### Asset #####,audioclip_sfx_h0159_jp.ab
Hash,cdfd0603a86bf4a2e511d8c2cc4ce634
UUID,f59655f9-5bff-4576-8170-3d64f17c71ce
Link,https://sdorica.rayark.download/androidExp/client_assets/f59655f9-5bff-4576-8170-3d64f17c71ce/audioclip_sfx_h0159_jp.ab
##### Asset #####,audioclip_sfx_h0161_jp.ab
Hash,5e7e90ec1b280ab2f3a028f0999902f8
UUID,72f9a185-1651-4c41-a2b6-6bc8b11c9c03
Link,https://sdorica.rayark.download/androidExp/client_assets/72f9a185-1651-4c41-a2b6-6bc8b11c9c03/audioclip_sfx_h0161_jp.ab
##### Asset #####,audioclip_sfx_h0163_jp.ab
Hash,660ef44b2459d32d21eb04277be0084f
UUID,dc0a3aff-fa73-471a-ba7e-98cc5b813628
Link,https://sdorica.rayark.download/androidExp/client_assets/dc0a3aff-fa73-471a-ba7e-98cc5b813628/audioclip_sfx_h0163_jp.ab
##### Asset #####,audioclip_sfx_h0164_jp.ab
Hash,27f24b4fdb8128f8251e0db5ef8b4a8e
UUID,22808f77-e7fd-4e7d-a925-8ab372ab1c7f
Link,https://sdorica.rayark.download/androidExp/client_assets/22808f77-e7fd-4e7d-a925-8ab372ab1c7f/audioclip_sfx_h0164_jp.ab
##### Asset #####,audioclip_sfx_h0165_jp.ab
Hash,e733dafff8ea95185173cd22144d04b9
UUID,a964a796-6a95-4776-b0bb-e3c9aa6c5403
Link,https://sdorica.rayark.download/androidExp/client_assets/a964a796-6a95-4776-b0bb-e3c9aa6c5403/audioclip_sfx_h0165_jp.ab
##### Asset #####,audioclip_sfx_h0166_jp.ab
Hash,416e35e92b222ba05317781aa157d678
UUID,200e831b-0b27-4893-80a1-086e2d5c780b
Link,https://sdorica.rayark.download/androidExp/client_assets/200e831b-0b27-4893-80a1-086e2d5c780b/audioclip_sfx_h0166_jp.ab
##### Asset #####,audioclip_sfx_h0167_jp.ab
Hash,7b817894efbae82bc9174c4465787a44
UUID,83dca142-1bd3-4dc8-bc0f-62efd16cc6b9
Link,https://sdorica.rayark.download/androidExp/client_assets/83dca142-1bd3-4dc8-bc0f-62efd16cc6b9/audioclip_sfx_h0167_jp.ab
##### Asset #####,audioclip_sfx_h0168_jp.ab
Hash,7042b176a58635a66eaaf064d2026e42
UUID,ed8d3f0d-c794-43f2-a27c-3a74a4fc0623
Link,https://sdorica.rayark.download/androidExp/client_assets/ed8d3f0d-c794-43f2-a27c-3a74a4fc0623/audioclip_sfx_h0168_jp.ab
##### Asset #####,audioclip_sfx_h0169_jp.ab
Hash,6e98792dae22235ef53c89ce77ecf354
UUID,fd857bdc-ce7e-426a-8547-ad996ce07cb5
Link,https://sdorica.rayark.download/androidExp/client_assets/fd857bdc-ce7e-426a-8547-ad996ce07cb5/audioclip_sfx_h0169_jp.ab
##### Asset #####,audioclip_sfx_h0170_jp.ab
Hash,daf186c5901645e8c8c0e49692b11ce4
UUID,6249c9d6-5f8e-4bba-963f-05f7f77bf623
Link,https://sdorica.rayark.download/androidExp/client_assets/6249c9d6-5f8e-4bba-963f-05f7f77bf623/audioclip_sfx_h0170_jp.ab
##### Asset #####,audioclip_sfx_h0171_jp.ab
Hash,0d169c816795a266a0523df1c175e6dd
UUID,607bc45e-7285-4a49-a95a-9ada1859feb0
Link,https://sdorica.rayark.download/androidExp/client_assets/607bc45e-7285-4a49-a95a-9ada1859feb0/audioclip_sfx_h0171_jp.ab
##### Asset #####,audioclip_sfx_h0172_jp.ab
Hash,e8e791c65357a5d1fb8fcd7527d4b3bc
UUID,a0903aae-01a6-4e8a-af81-9c230069edc4
Link,https://sdorica.rayark.download/androidExp/client_assets/a0903aae-01a6-4e8a-af81-9c230069edc4/audioclip_sfx_h0172_jp.ab
##### Asset #####,audioclip_sfx_h0174_jp.ab
Hash,a9d139c9e29a4bbaa547f32090000ed6
UUID,0dd639bb-0583-4220-b33d-803e6704dbd2
Link,https://sdorica.rayark.download/androidExp/client_assets/0dd639bb-0583-4220-b33d-803e6704dbd2/audioclip_sfx_h0174_jp.ab
##### Asset #####,audioclip_sfx_h0175_jp.ab
Hash,f8d5e6189bdf069cfad53de987399863
UUID,facf83b4-46d0-4159-8244-ad6acc4b82dc
Link,https://sdorica.rayark.download/androidExp/client_assets/facf83b4-46d0-4159-8244-ad6acc4b82dc/audioclip_sfx_h0175_jp.ab
##### Asset #####,audioclip_sfx_h0176_jp.ab
Hash,51232403f4647a0c83c664bc756401b7
UUID,800371b8-17de-49cb-9359-a588616a9525
Link,https://sdorica.rayark.download/androidExp/client_assets/800371b8-17de-49cb-9359-a588616a9525/audioclip_sfx_h0176_jp.ab
##### Asset #####,audioclip_sfx_h0177_jp.ab
Hash,9d66c6c4fe009346a1c46d46437f34ad
UUID,4ac9481c-a417-42b1-bfdb-c3ccb88a771e
Link,https://sdorica.rayark.download/androidExp/client_assets/4ac9481c-a417-42b1-bfdb-c3ccb88a771e/audioclip_sfx_h0177_jp.ab
##### Asset #####,audioclip_sfx_h0183_jp.ab
Hash,f8ede51828d3c86ad9135ca288199f0d
UUID,7dde7a99-bd36-4b2a-b192-06d85777dd6c
Link,https://sdorica.rayark.download/androidExp/client_assets/7dde7a99-bd36-4b2a-b192-06d85777dd6c/audioclip_sfx_h0183_jp.ab
##### Asset #####,audioclip_sfx_h0185_jp.ab
Hash,7bfb59ae85197796780f169b09c82a60
UUID,0a326c86-b7e5-4f9a-acfc-0ff3cbfae990
Link,https://sdorica.rayark.download/androidExp/client_assets/0a326c86-b7e5-4f9a-acfc-0ff3cbfae990/audioclip_sfx_h0185_jp.ab
##### Asset #####,audioclip_sfx_h0186_jp.ab
Hash,e562fad3c5cbdd8c150d6d7636a6ffb5
UUID,6e45ca3f-5fad-4a4b-8a1e-08b6c0b772dd
Link,https://sdorica.rayark.download/androidExp/client_assets/6e45ca3f-5fad-4a4b-8a1e-08b6c0b772dd/audioclip_sfx_h0186_jp.ab
##### Asset #####,audioclip_sfx_h0191_jp.ab
Hash,91dd850b3339431150ce96f753cbc6d2
UUID,5a100cc6-adb2-462c-9045-64286bddbab4
Link,https://sdorica.rayark.download/androidExp/client_assets/5a100cc6-adb2-462c-9045-64286bddbab4/audioclip_sfx_h0191_jp.ab
##### Asset #####,audioclip_sfx_h0192_jp.ab
Hash,b7eaa174bfe57d4a54805bae51f7f320
UUID,7523412e-1cb4-476c-80f3-3e13d28c0318
Link,https://sdorica.rayark.download/androidExp/client_assets/7523412e-1cb4-476c-80f3-3e13d28c0318/audioclip_sfx_h0192_jp.ab
##### Asset #####,audioclip_sfx_h0193_jp.ab
Hash,d5cbc74130a175cbcfff25ff9dcb165b
UUID,10ac44c2-90b0-4b69-b90b-eb4bd6c9d909
Link,https://sdorica.rayark.download/androidExp/client_assets/10ac44c2-90b0-4b69-b90b-eb4bd6c9d909/audioclip_sfx_h0193_jp.ab
##### Asset #####,audioclip_sfx_h0198_jp.ab
Hash,e44ab3f60a0849190dadbf07a4721c47
UUID,28f1974f-17ae-458e-9e73-6432ddc32249
Link,https://sdorica.rayark.download/androidExp/client_assets/28f1974f-17ae-458e-9e73-6432ddc32249/audioclip_sfx_h0198_jp.ab
##### Asset #####,audioclip_sfx_h0199_jp.ab
Hash,87cd7cc4b116d52c6b4abc185c8c5892
UUID,446916d5-ea15-4eab-9975-26042e99aa2b
Link,https://sdorica.rayark.download/androidExp/client_assets/446916d5-ea15-4eab-9975-26042e99aa2b/audioclip_sfx_h0199_jp.ab
##### Asset #####,audioclip_sfx_h0200_jp.ab
Hash,902635972d4e8668c5934e95987014cf
UUID,8f1de284-013c-4cf9-bb57-80fc6ac19db5
Link,https://sdorica.rayark.download/androidExp/client_assets/8f1de284-013c-4cf9-bb57-80fc6ac19db5/audioclip_sfx_h0200_jp.ab
##### Asset #####,audioclip_sfx_h0201_jp.ab
Hash,617a603a9ac19044036f44dbf767882d
UUID,6e1179d1-253f-44f6-b6e4-a9d365a6f11a
Link,https://sdorica.rayark.download/androidExp/client_assets/6e1179d1-253f-44f6-b6e4-a9d365a6f11a/audioclip_sfx_h0201_jp.ab
##### Asset #####,audioclip_sfx_h3190_jp.ab
Hash,3b902e9dd309b61de48593f1da5c8062
UUID,4383c62a-2f1c-44cf-887c-1516764d052b
Link,https://sdorica.rayark.download/androidExp/client_assets/4383c62a-2f1c-44cf-887c-1516764d052b/audioclip_sfx_h3190_jp.ab
##### Asset #####,audioclip_sfx_h3401_jp.ab
Hash,3b4b693664e39b0ff79f36ff04977693
UUID,f68ee151-5749-481d-a9a4-f3754903673b
Link,https://sdorica.rayark.download/androidExp/client_assets/f68ee151-5749-481d-a9a4-f3754903673b/audioclip_sfx_h3401_jp.ab
##### Asset #####,audioclip_sfx_m0011_jp.ab
Hash,989267d5798e8c7ceb4f4a144801131e
UUID,68588b48-1a05-416b-b514-8af3cea14c70
Link,https://sdorica.rayark.download/androidExp/client_assets/68588b48-1a05-416b-b514-8af3cea14c70/audioclip_sfx_m0011_jp.ab
##### Asset #####,audioclip_sfx_r0034_jp.ab
Hash,0871df4bf74989c49aac89a6558fcfaa
UUID,5800a8c8-458b-40bb-8ce9-6a73091ae12a
Link,https://sdorica.rayark.download/androidExp/client_assets/5800a8c8-458b-40bb-8ce9-6a73091ae12a/audioclip_sfx_r0034_jp.ab
##### Asset #####,audioclip_sfx_r0160_jp.ab
Hash,bbcca16752aeb293316fe0b854c40b9c
UUID,bc946f82-3799-4579-9ffb-40838df8c4f6
Link,https://sdorica.rayark.download/androidExp/client_assets/bc946f82-3799-4579-9ffb-40838df8c4f6/audioclip_sfx_r0160_jp.ab
##### Asset #####,audioclip_sfx_r0173_jp.ab
Hash,1d089e15fef31aaedbad3763b380c5af
UUID,f13ae034-9e2e-4710-8c3c-d2bd7b00a7b6
Link,https://sdorica.rayark.download/androidExp/client_assets/f13ae034-9e2e-4710-8c3c-d2bd7b00a7b6/audioclip_sfx_r0173_jp.ab
##### Asset #####,audioclip_sfx_t0017_jp.ab
Hash,51374120f835c3315fd95c65c3e3c63f
UUID,adf831a5-a97d-429e-8037-ac7a908fd2c5
Link,https://sdorica.rayark.download/androidExp/client_assets/adf831a5-a97d-429e-8037-ac7a908fd2c5/audioclip_sfx_t0017_jp.ab
##### Asset #####,audioclip_sfx_t0026_jp.ab
Hash,d488a0a97308f12f617fe57fd5cdfa68
UUID,40a5bc93-c3eb-472e-af0b-b87df01adb1c
Link,https://sdorica.rayark.download/androidExp/client_assets/40a5bc93-c3eb-472e-af0b-b87df01adb1c/audioclip_sfx_t0026_jp.ab
##### Asset #####,audioclip_sfx_t0027_jp.ab
Hash,82ea75437cfce398a0b368173b5b4b23
UUID,fc196abf-5949-486f-8ef9-a2fe26c01c0a
Link,https://sdorica.rayark.download/androidExp/client_assets/fc196abf-5949-486f-8ef9-a2fe26c01c0a/audioclip_sfx_t0027_jp.ab
##### Asset #####,audioclip_sfx_t0032_jp.ab
Hash,5b6ae5971506e4cb3ee68cd003767eb7
UUID,4d8e5998-9055-47a6-8da5-023335b7c266
Link,https://sdorica.rayark.download/androidExp/client_assets/4d8e5998-9055-47a6-8da5-023335b7c266/audioclip_sfx_t0032_jp.ab
##### Asset #####,audioclip_sfx_t0033_jp.ab
Hash,9684145197e7df7f03959d5df75d400b
UUID,2a96ce40-1339-42cc-926e-6c1840ef3ecd
Link,https://sdorica.rayark.download/androidExp/client_assets/2a96ce40-1339-42cc-926e-6c1840ef3ecd/audioclip_sfx_t0033_jp.ab
##### Asset #####,audioclip_sfx_t0039_jp.ab
Hash,3682d4d06771e4c5d489e0aef902d64e
UUID,f03ce1e7-febc-4e0a-bcc0-1219fdea31f3
Link,https://sdorica.rayark.download/androidExp/client_assets/f03ce1e7-febc-4e0a-bcc0-1219fdea31f3/audioclip_sfx_t0039_jp.ab
##### Asset #####,audioclip_sfx_t0044_jp.ab
Hash,33a8e60c8731212d6d3ce7dca9154d86
UUID,097e04a2-74fb-49e1-9caa-82191b451661
Link,https://sdorica.rayark.download/androidExp/client_assets/097e04a2-74fb-49e1-9caa-82191b451661/audioclip_sfx_t0044_jp.ab
##### Asset #####,audioclip_sfx_t0049_jp.ab
Hash,ad44f7b85f83734c040fa6ea7db176c0
UUID,09a2c428-5175-4985-b38f-cfc10089e309
Link,https://sdorica.rayark.download/androidExp/client_assets/09a2c428-5175-4985-b38f-cfc10089e309/audioclip_sfx_t0049_jp.ab
##### Asset #####,audioclip_sfx_t0153_jp.ab
Hash,43b0edb95ff1b674eaabcbfe3ca4204a
UUID,7b761010-e53e-457d-837d-dafd2f085a63
Link,https://sdorica.rayark.download/androidExp/client_assets/7b761010-e53e-457d-837d-dafd2f085a63/audioclip_sfx_t0153_jp.ab
##### Asset #####,audioclip_sfx_t0155_jp.ab
Hash,b8433042f8d8b0a0d04df462abc66c8e
UUID,6bff84df-6753-4bbb-a143-fcc36f2a919b
Link,https://sdorica.rayark.download/androidExp/client_assets/6bff84df-6753-4bbb-a143-fcc36f2a919b/audioclip_sfx_t0155_jp.ab
##### Asset #####,audioclip_sfx_t0156_jp.ab
Hash,3f38aa7da33848be48abd639907a2102
UUID,dc8973a6-1653-4336-bbe7-ad9ee806ebb9
Link,https://sdorica.rayark.download/androidExp/client_assets/dc8973a6-1653-4336-bbe7-ad9ee806ebb9/audioclip_sfx_t0156_jp.ab
##### Asset #####,audioclip_sfx_t0158_jp.ab
Hash,bd00e836ae2a57e88829475606168795
UUID,24974d6c-c366-4a4c-bc40-7fcd57a56be7
Link,https://sdorica.rayark.download/androidExp/client_assets/24974d6c-c366-4a4c-bc40-7fcd57a56be7/audioclip_sfx_t0158_jp.ab
##### Asset #####,audioclip_sfx_t0180_jp.ab
Hash,6f0f1006ab944a74cc569d027a402abf
UUID,75ed796a-e859-4209-a4fe-245040aaf097
Link,https://sdorica.rayark.download/androidExp/client_assets/75ed796a-e859-4209-a4fe-245040aaf097/audioclip_sfx_t0180_jp.ab
##### Asset #####,audioclip_sfx_t0181_jp.ab
Hash,ab9caff47896837750ebd51b29eb133b
UUID,41548071-43ec-431e-bbe9-d00354af971e
Link,https://sdorica.rayark.download/androidExp/client_assets/41548071-43ec-431e-bbe9-d00354af971e/audioclip_sfx_t0181_jp.ab
##### Asset #####,audioclip_sfx_t0182_jp.ab
Hash,78ec8a98f265b736c836ec87616da811
UUID,58893336-19b3-4137-88ca-59d3f9ba5285
Link,https://sdorica.rayark.download/androidExp/client_assets/58893336-19b3-4137-88ca-59d3f9ba5285/audioclip_sfx_t0182_jp.ab
##### Asset #####,audioclip_sfx_t0184_jp.ab
Hash,9432104c3037a8ae3be2eeae5b16ad4a
UUID,c6d1eaa8-26c2-4b9e-a012-b03f8100dbe1
Link,https://sdorica.rayark.download/androidExp/client_assets/c6d1eaa8-26c2-4b9e-a012-b03f8100dbe1/audioclip_sfx_t0184_jp.ab
##### Asset #####,audioclip_sfx_t3189_jp.ab
Hash,91c2d48961ef8de9bd9695f12855830c
UUID,c1313332-3f8a-43e2-a4f1-29f836acdc00
Link,https://sdorica.rayark.download/androidExp/client_assets/c1313332-3f8a-43e2-a4f1-29f836acdc00/audioclip_sfx_t3189_jp.ab
##### Asset #####,audioclip_sfx_t3191_jp.ab
Hash,8f1af9908c930bd458f7a91583f325f5
UUID,41fbeee4-b382-4e36-a955-fc159515f8d2
Link,https://sdorica.rayark.download/androidExp/client_assets/41fbeee4-b382-4e36-a955-fc159515f8d2/audioclip_sfx_t3191_jp.ab
##### Asset #####,audioclip_sfx_t3259_jp.ab
Hash,90a98893246174e1062290e8b83d2620
UUID,5533f29b-47c2-4bb8-9f8d-40333d4eb87d
Link,https://sdorica.rayark.download/androidExp/client_assets/5533f29b-47c2-4bb8-9f8d-40333d4eb87d/audioclip_sfx_t3259_jp.ab
##### Asset #####,audioclip_sfx_t3260_jp.ab
Hash,d4e7b0c8d168e537e62575df6d483bb2
UUID,85eead31-bbcb-43b5-948a-1cc0b4b183c5
Link,https://sdorica.rayark.download/androidExp/client_assets/85eead31-bbcb-43b5-948a-1cc0b4b183c5/audioclip_sfx_t3260_jp.ab
##### Asset #####,audioclip_sfx_t3403_jp.ab
Hash,075377e7e5f6ede978100bc58687660e
UUID,bc12dd53-962c-4798-8839-28acd545defa
Link,https://sdorica.rayark.download/androidExp/client_assets/bc12dd53-962c-4798-8839-28acd545defa/audioclip_sfx_t3403_jp.ab
##### Asset #####,audioclip_sfx_t3407_jp.ab
Hash,a15196afd11e8b8178c37dfb25147988
UUID,41b836ac-0319-44f9-ac28-a734fea92055
Link,https://sdorica.rayark.download/androidExp/client_assets/41b836ac-0319-44f9-ac28-a734fea92055/audioclip_sfx_t3407_jp.ab
##### Asset #####,character_largeimage_b0001.ab
Hash,634b49ff77d0031d8e2a37cebac1e239
UUID,41dfe799-f7a1-4f69-ba2b-d42169ff2451
Link,https://sdorica.rayark.download/androidExp/client_assets/41dfe799-f7a1-4f69-ba2b-d42169ff2451/character_largeimage_b0001.ab
##### Asset #####,character_largeimage_b0015.ab
Hash,e181255ddde7332537e930ee0f74a570
UUID,1a57ea5d-26cf-4571-8efd-daf8f7efa7ca
Link,https://sdorica.rayark.download/androidExp/client_assets/1a57ea5d-26cf-4571-8efd-daf8f7efa7ca/character_largeimage_b0015.ab
##### Asset #####,character_largeimage_b0028.ab
Hash,24176eea56df840b1fc5f62638141d7c
UUID,970466cf-ee0f-4c0b-96eb-6a1d89f4d200
Link,https://sdorica.rayark.download/androidExp/client_assets/970466cf-ee0f-4c0b-96eb-6a1d89f4d200/character_largeimage_b0028.ab
##### Asset #####,character_largeimage_b0037.ab
Hash,cc283bf0ad2d61561d9511ff1460538c
UUID,22aae400-5dfc-40e6-8e46-441fd7ac927b
Link,https://sdorica.rayark.download/androidExp/client_assets/22aae400-5dfc-40e6-8e46-441fd7ac927b/character_largeimage_b0037.ab
##### Asset #####,character_largeimage_e0002.ab
Hash,8b52a39601de72510a06e37ff723622d
UUID,5dd7bcc7-053a-42ea-b98f-8fe3cecf4364
Link,https://sdorica.rayark.download/androidExp/client_assets/5dd7bcc7-053a-42ea-b98f-8fe3cecf4364/character_largeimage_e0002.ab
##### Asset #####,character_largeimage_e0046.ab
Hash,4ab761559a29686fd11ce4616ef8d5f7
UUID,e1d4b5c7-3679-4ace-b55d-2da80bc6e37c
Link,https://sdorica.rayark.download/androidExp/client_assets/e1d4b5c7-3679-4ace-b55d-2da80bc6e37c/character_largeimage_e0046.ab
##### Asset #####,character_largeimage_h0000.ab
Hash,c2044fe9e2c218670decdd99cc66c93b
UUID,b918a6ec-e826-48f3-b8d3-c8a10c2800cc
Link,https://sdorica.rayark.download/androidExp/client_assets/b918a6ec-e826-48f3-b8d3-c8a10c2800cc/character_largeimage_h0000.ab
##### Asset #####,character_largeimage_h0003.ab
Hash,5fcad15e5d09f7acc94c57b3f9a403e9
UUID,f47d3fe0-3c8b-46d5-8069-a49b14744d9b
Link,https://sdorica.rayark.download/androidExp/client_assets/f47d3fe0-3c8b-46d5-8069-a49b14744d9b/character_largeimage_h0003.ab
##### Asset #####,character_largeimage_h0004.ab
Hash,76608b6b8bae5617bb70730f795fb71c
UUID,3a77d037-a8b0-4760-809f-b06aad6627f4
Link,https://sdorica.rayark.download/androidExp/client_assets/3a77d037-a8b0-4760-809f-b06aad6627f4/character_largeimage_h0004.ab
##### Asset #####,character_largeimage_h0005.ab
Hash,51bc9924040c28e61c517d94ff74045c
UUID,ed23599b-b958-4f2f-ab63-b17c7926e7c8
Link,https://sdorica.rayark.download/androidExp/client_assets/ed23599b-b958-4f2f-ab63-b17c7926e7c8/character_largeimage_h0005.ab
##### Asset #####,character_largeimage_h0006.ab
Hash,8f98289281d0b1cd7895adf605292fb5
UUID,fa51a975-e59f-4266-81d2-32fc6c77bc43
Link,https://sdorica.rayark.download/androidExp/client_assets/fa51a975-e59f-4266-81d2-32fc6c77bc43/character_largeimage_h0006.ab
##### Asset #####,character_largeimage_h0007.ab
Hash,d28b004c4e5b527dfc867a5364023c7f
UUID,b19cf4a3-cc8b-4394-8774-a4a739c44507
Link,https://sdorica.rayark.download/androidExp/client_assets/b19cf4a3-cc8b-4394-8774-a4a739c44507/character_largeimage_h0007.ab
##### Asset #####,character_largeimage_h0008.ab
Hash,210bff47219069368218d0a13bad3c12
UUID,1e792983-fc34-4e9b-96db-53491b7c3160
Link,https://sdorica.rayark.download/androidExp/client_assets/1e792983-fc34-4e9b-96db-53491b7c3160/character_largeimage_h0008.ab
##### Asset #####,character_largeimage_h0009.ab
Hash,b4ecc5aa7447f61bc4227eda88f6d59a
UUID,834fa2d1-9280-4087-901b-ee7190cf31c9
Link,https://sdorica.rayark.download/androidExp/client_assets/834fa2d1-9280-4087-901b-ee7190cf31c9/character_largeimage_h0009.ab
##### Asset #####,character_largeimage_h0010.ab
Hash,1deec8b7aceb99b418210f5a8e3bc1d2
UUID,9df5ff9b-4c0d-4b03-8700-5376db1c1bb0
Link,https://sdorica.rayark.download/androidExp/client_assets/9df5ff9b-4c0d-4b03-8700-5376db1c1bb0/character_largeimage_h0010.ab
##### Asset #####,character_largeimage_h0012.ab
Hash,1bfd4ae1ee47256bc43bb3e0b2cd4074
UUID,f903ea3a-54fe-4bf7-9db5-6bae86a9d3fc
Link,https://sdorica.rayark.download/androidExp/client_assets/f903ea3a-54fe-4bf7-9db5-6bae86a9d3fc/character_largeimage_h0012.ab
##### Asset #####,character_largeimage_h0013.ab
Hash,8b4337a5e6faef5dd9968892f437b41a
UUID,dd7bebfb-2c75-44b7-84e8-3b043f9686da
Link,https://sdorica.rayark.download/androidExp/client_assets/dd7bebfb-2c75-44b7-84e8-3b043f9686da/character_largeimage_h0013.ab
##### Asset #####,character_largeimage_h0014.ab
Hash,598b665e9c01759608fae03f08f0fb7a
UUID,65ffcff3-cffa-4d79-8e21-421c9dbadb58
Link,https://sdorica.rayark.download/androidExp/client_assets/65ffcff3-cffa-4d79-8e21-421c9dbadb58/character_largeimage_h0014.ab
##### Asset #####,character_largeimage_h0016.ab
Hash,1c89aeb73972f771ed26748c7ef734e8
UUID,48b56d1a-6c3f-44f5-bcc6-81d63084a6ec
Link,https://sdorica.rayark.download/androidExp/client_assets/48b56d1a-6c3f-44f5-bcc6-81d63084a6ec/character_largeimage_h0016.ab
##### Asset #####,character_largeimage_h0018.ab
Hash,ebae2dc5aebdb3ad0a5daa89f370ba8a
UUID,9ab42f3b-33e4-45fe-ae10-74e222285bbc
Link,https://sdorica.rayark.download/androidExp/client_assets/9ab42f3b-33e4-45fe-ae10-74e222285bbc/character_largeimage_h0018.ab
##### Asset #####,character_largeimage_h0020.ab
Hash,fae7ca51b38a793596812ddee6b4b6ec
UUID,7d4441d6-f47b-4e1a-bd8a-e7b3b4ba35d1
Link,https://sdorica.rayark.download/androidExp/client_assets/7d4441d6-f47b-4e1a-bd8a-e7b3b4ba35d1/character_largeimage_h0020.ab
##### Asset #####,character_largeimage_h0021.ab
Hash,d81abe5b46e8e8f00323d1e406b07514
UUID,1952b0eb-b50b-4dde-aaab-ef82e3042f25
Link,https://sdorica.rayark.download/androidExp/client_assets/1952b0eb-b50b-4dde-aaab-ef82e3042f25/character_largeimage_h0021.ab
##### Asset #####,character_largeimage_h0022.ab
Hash,2b5fe35dfc66c173b4cbda5e7d1cdf04
UUID,2e5a8fcf-ec06-4416-929e-605c01b07e54
Link,https://sdorica.rayark.download/androidExp/client_assets/2e5a8fcf-ec06-4416-929e-605c01b07e54/character_largeimage_h0022.ab
##### Asset #####,character_largeimage_h0023.ab
Hash,b6cef10447db3e883bece6885b653133
UUID,e4ce3432-7a79-41bc-8460-4ceb7fb85527
Link,https://sdorica.rayark.download/androidExp/client_assets/e4ce3432-7a79-41bc-8460-4ceb7fb85527/character_largeimage_h0023.ab
##### Asset #####,character_largeimage_h0024.ab
Hash,48ef27bb7d9d93f3cab10b7dbfdaf354
UUID,4db6caaa-88f9-4c65-932d-10cd945f3014
Link,https://sdorica.rayark.download/androidExp/client_assets/4db6caaa-88f9-4c65-932d-10cd945f3014/character_largeimage_h0024.ab
##### Asset #####,character_largeimage_h0025.ab
Hash,f7737f018a9eea472dd9deebb2214bbf
UUID,b25efa24-fe4c-4e9d-bbfa-71c747a7f61b
Link,https://sdorica.rayark.download/androidExp/client_assets/b25efa24-fe4c-4e9d-bbfa-71c747a7f61b/character_largeimage_h0025.ab
##### Asset #####,character_largeimage_h0029.ab
Hash,80276cb66e0879b9a10ee52f1040ca6e
UUID,a59ae31f-9673-467d-88a8-3edf0891dcd0
Link,https://sdorica.rayark.download/androidExp/client_assets/a59ae31f-9673-467d-88a8-3edf0891dcd0/character_largeimage_h0029.ab
##### Asset #####,character_largeimage_h0030.ab
Hash,2a6ce8e73b7477dff265b3778fce08c7
UUID,669ae44d-9736-4206-a2e3-3d8b696963a6
Link,https://sdorica.rayark.download/androidExp/client_assets/669ae44d-9736-4206-a2e3-3d8b696963a6/character_largeimage_h0030.ab
##### Asset #####,character_largeimage_h0031.ab
Hash,b44b4d60cfd500b9459cd25e03835a61
UUID,77ad6611-448d-4bdf-a3f7-102fc95fa8af
Link,https://sdorica.rayark.download/androidExp/client_assets/77ad6611-448d-4bdf-a3f7-102fc95fa8af/character_largeimage_h0031.ab
##### Asset #####,character_largeimage_h0035.ab
Hash,b2aa800bdda723b6dbbf4c02c33921ab
UUID,05998b65-3bce-4927-bc65-73db1930a83d
Link,https://sdorica.rayark.download/androidExp/client_assets/05998b65-3bce-4927-bc65-73db1930a83d/character_largeimage_h0035.ab
##### Asset #####,character_largeimage_h0036.ab
Hash,d23b870ec44b5c21c94b47e4a8562f67
UUID,02ade1e7-93b1-4d31-87ea-e556d88ee186
Link,https://sdorica.rayark.download/androidExp/client_assets/02ade1e7-93b1-4d31-87ea-e556d88ee186/character_largeimage_h0036.ab
##### Asset #####,character_largeimage_h0038.ab
Hash,9e31ab3daaa13fb518dc26f98e13ecb6
UUID,261199fb-c762-4978-9415-4821a336da83
Link,https://sdorica.rayark.download/androidExp/client_assets/261199fb-c762-4978-9415-4821a336da83/character_largeimage_h0038.ab
##### Asset #####,character_largeimage_h0040.ab
Hash,ddfb10790ba9adca24b0e8aa759f5ae6
UUID,c4391e57-6496-4bcb-92f8-634ff6655e36
Link,https://sdorica.rayark.download/androidExp/client_assets/c4391e57-6496-4bcb-92f8-634ff6655e36/character_largeimage_h0040.ab
##### Asset #####,character_largeimage_h0041.ab
Hash,86031817a23757c58d9aef3ddc2317c1
UUID,c74a66d7-6e57-4e7e-9a99-a564c6c3ec99
Link,https://sdorica.rayark.download/androidExp/client_assets/c74a66d7-6e57-4e7e-9a99-a564c6c3ec99/character_largeimage_h0041.ab
##### Asset #####,character_largeimage_h0042.ab
Hash,c0912a7b249a4b990f60afb5d8666ca6
UUID,a11a3174-a633-450a-b439-d944afe2cfe0
Link,https://sdorica.rayark.download/androidExp/client_assets/a11a3174-a633-450a-b439-d944afe2cfe0/character_largeimage_h0042.ab
##### Asset #####,character_largeimage_h0043.ab
Hash,b7f934157031a1c45f0c8ee33c4a2087
UUID,b898145c-7c43-48a3-b72e-1b3427d3834b
Link,https://sdorica.rayark.download/androidExp/client_assets/b898145c-7c43-48a3-b72e-1b3427d3834b/character_largeimage_h0043.ab
##### Asset #####,character_largeimage_h0045.ab
Hash,aac366d781af2523757f1d8af3c00532
UUID,2ee8fc2b-d95c-4a38-85b6-40c513ff2ab6
Link,https://sdorica.rayark.download/androidExp/client_assets/2ee8fc2b-d95c-4a38-85b6-40c513ff2ab6/character_largeimage_h0045.ab
##### Asset #####,character_largeimage_h0047.ab
Hash,2b2614b9f613f49096c670a95be5969a
UUID,190c947a-c270-4138-9783-be3a95c9ba6d
Link,https://sdorica.rayark.download/androidExp/client_assets/190c947a-c270-4138-9783-be3a95c9ba6d/character_largeimage_h0047.ab
##### Asset #####,character_largeimage_h0048.ab
Hash,75182080ada21626bf1f946fa998fbf4
UUID,0e86784e-4819-45fc-ad75-f15c8c0623bd
Link,https://sdorica.rayark.download/androidExp/client_assets/0e86784e-4819-45fc-ad75-f15c8c0623bd/character_largeimage_h0048.ab
##### Asset #####,character_largeimage_h0097.ab
Hash,e8f7712dc890f5489e9cddecf32775a5
UUID,dc22e3a7-5218-4b16-b157-b12425c04de7
Link,https://sdorica.rayark.download/androidExp/client_assets/dc22e3a7-5218-4b16-b157-b12425c04de7/character_largeimage_h0097.ab
##### Asset #####,character_largeimage_h0133.ab
Hash,69f5bb9fa26f5cc0e785e9075574ec4f
UUID,524bdabf-34d9-46db-98e2-6144edcb7df1
Link,https://sdorica.rayark.download/androidExp/client_assets/524bdabf-34d9-46db-98e2-6144edcb7df1/character_largeimage_h0133.ab
##### Asset #####,character_largeimage_h0134.ab
Hash,8c9f80030d4c62496e23da8103b1931e
UUID,402041ac-ebae-4031-9b03-bf7614d79df3
Link,https://sdorica.rayark.download/androidExp/client_assets/402041ac-ebae-4031-9b03-bf7614d79df3/character_largeimage_h0134.ab
##### Asset #####,character_largeimage_h0135.ab
Hash,c0caf0f4a9daa10d4e19616db8024bc8
UUID,82cbbfda-9a90-4626-a8a1-b89c3d759a6d
Link,https://sdorica.rayark.download/androidExp/client_assets/82cbbfda-9a90-4626-a8a1-b89c3d759a6d/character_largeimage_h0135.ab
##### Asset #####,character_largeimage_h0136.ab
Hash,d39806a59849a7e514093b3cace18e27
UUID,0b65ac4e-5db1-4d3d-8cab-500aa6f900b5
Link,https://sdorica.rayark.download/androidExp/client_assets/0b65ac4e-5db1-4d3d-8cab-500aa6f900b5/character_largeimage_h0136.ab
##### Asset #####,character_largeimage_h0137.ab
Hash,9d36d7c04f074a78484e5c1c72ca507d
UUID,2eb82488-0c99-4198-a429-0cc7558a1d89
Link,https://sdorica.rayark.download/androidExp/client_assets/2eb82488-0c99-4198-a429-0cc7558a1d89/character_largeimage_h0137.ab
##### Asset #####,character_largeimage_h0138.ab
Hash,45711711eff75a60aaa47b454ec345b0
UUID,82d19131-4afa-4261-a5b8-519fc1451bfe
Link,https://sdorica.rayark.download/androidExp/client_assets/82d19131-4afa-4261-a5b8-519fc1451bfe/character_largeimage_h0138.ab
##### Asset #####,character_largeimage_h0150.ab
Hash,b44d4115a083574d6788a6a8f4838ece
UUID,750f5898-70ea-4725-b1a5-454e5c5f963e
Link,https://sdorica.rayark.download/androidExp/client_assets/750f5898-70ea-4725-b1a5-454e5c5f963e/character_largeimage_h0150.ab
##### Asset #####,character_largeimage_h0151.ab
Hash,175ec57496b2260d4cffef24ef224c88
UUID,b86b2b16-847b-4101-b180-8ad843ec05a3
Link,https://sdorica.rayark.download/androidExp/client_assets/b86b2b16-847b-4101-b180-8ad843ec05a3/character_largeimage_h0151.ab
##### Asset #####,character_largeimage_h0152.ab
Hash,92bc3231f98680dd53d48bc01ede6401
UUID,582cf654-de86-4f68-a0b8-ae37ea972a8a
Link,https://sdorica.rayark.download/androidExp/client_assets/582cf654-de86-4f68-a0b8-ae37ea972a8a/character_largeimage_h0152.ab
##### Asset #####,character_largeimage_h0154.ab
Hash,b5b8e23bcda57c16758d187efb787be1
UUID,360d8470-f3a3-4aaa-875e-bdba0ea85d52
Link,https://sdorica.rayark.download/androidExp/client_assets/360d8470-f3a3-4aaa-875e-bdba0ea85d52/character_largeimage_h0154.ab
##### Asset #####,character_largeimage_h0157.ab
Hash,f41b851a97bb6647a348d33e0c32d748
UUID,abde7bf3-bcfa-4865-a6aa-5d6a5466d3ad
Link,https://sdorica.rayark.download/androidExp/client_assets/abde7bf3-bcfa-4865-a6aa-5d6a5466d3ad/character_largeimage_h0157.ab
##### Asset #####,character_largeimage_h0159.ab
Hash,5204bf166084a256abc3cdf2e5997376
UUID,ca5a830b-640e-40ec-b6c1-b9266e64abb5
Link,https://sdorica.rayark.download/androidExp/client_assets/ca5a830b-640e-40ec-b6c1-b9266e64abb5/character_largeimage_h0159.ab
##### Asset #####,character_largeimage_h0161.ab
Hash,2c89f6b0c8a7de65ca7e8e85087186c8
UUID,15933b93-10a4-46ee-b41a-6f348beecad8
Link,https://sdorica.rayark.download/androidExp/client_assets/15933b93-10a4-46ee-b41a-6f348beecad8/character_largeimage_h0161.ab
##### Asset #####,character_largeimage_h0162.ab
Hash,0511a5bd3f12e5cc01f89468ad577a71
UUID,3cb5625d-b6d7-4c2f-b622-009f448a9b22
Link,https://sdorica.rayark.download/androidExp/client_assets/3cb5625d-b6d7-4c2f-b622-009f448a9b22/character_largeimage_h0162.ab
##### Asset #####,character_largeimage_h0163.ab
Hash,d35b7306d81cac6584d40eaebe2d277b
UUID,a112bd92-316b-40ab-9f68-79b71ac0568c
Link,https://sdorica.rayark.download/androidExp/client_assets/a112bd92-316b-40ab-9f68-79b71ac0568c/character_largeimage_h0163.ab
##### Asset #####,character_largeimage_h0164.ab
Hash,0714aa56b7eeb7cc32deac15c9101246
UUID,8c65dd0c-3194-4885-a0de-79f0bcd204ae
Link,https://sdorica.rayark.download/androidExp/client_assets/8c65dd0c-3194-4885-a0de-79f0bcd204ae/character_largeimage_h0164.ab
##### Asset #####,character_largeimage_h0165.ab
Hash,95e4f2595676bfdbf6037416cc256e8c
UUID,6f616022-1512-4da9-8dbd-40b0537a6ec2
Link,https://sdorica.rayark.download/androidExp/client_assets/6f616022-1512-4da9-8dbd-40b0537a6ec2/character_largeimage_h0165.ab
##### Asset #####,character_largeimage_h0166.ab
Hash,7fed0bf71022e6fa47d4a61259a63c34
UUID,24b4be8f-1903-45fc-a01d-291763739034
Link,https://sdorica.rayark.download/androidExp/client_assets/24b4be8f-1903-45fc-a01d-291763739034/character_largeimage_h0166.ab
##### Asset #####,character_largeimage_h0167.ab
Hash,b9362b8c7b48debf39554209c69d014d
UUID,35dfde0e-db41-4a44-9da9-7ae0d39fa03d
Link,https://sdorica.rayark.download/androidExp/client_assets/35dfde0e-db41-4a44-9da9-7ae0d39fa03d/character_largeimage_h0167.ab
##### Asset #####,character_largeimage_h0168.ab
Hash,e646a4124863fe6ea3bb67f6f258e4ae
UUID,402752e3-dce4-44f0-9423-43b1c5e6edd2
Link,https://sdorica.rayark.download/androidExp/client_assets/402752e3-dce4-44f0-9423-43b1c5e6edd2/character_largeimage_h0168.ab
##### Asset #####,character_largeimage_h0169.ab
Hash,f9fab0c2398d7cb38c7f1a92e31c9d1b
UUID,a403959f-d854-4b80-aa15-61954e3e5a58
Link,https://sdorica.rayark.download/androidExp/client_assets/a403959f-d854-4b80-aa15-61954e3e5a58/character_largeimage_h0169.ab
##### Asset #####,character_largeimage_h0170.ab
Hash,d7769c93f12b167dbb745f99550b8f0b
UUID,7b244610-840b-45d9-9fec-87da2f8186ae
Link,https://sdorica.rayark.download/androidExp/client_assets/7b244610-840b-45d9-9fec-87da2f8186ae/character_largeimage_h0170.ab
##### Asset #####,character_largeimage_h0171.ab
Hash,328073d9940d5f1350fdb538f6fc4a08
UUID,d90f6c65-a683-4a0f-b4f3-8150fdc4ac09
Link,https://sdorica.rayark.download/androidExp/client_assets/d90f6c65-a683-4a0f-b4f3-8150fdc4ac09/character_largeimage_h0171.ab
##### Asset #####,character_largeimage_h0172.ab
Hash,32d8593501b7b169c3a14658de17021d
UUID,26c3d619-560c-47a6-ad10-a7f7101352b9
Link,https://sdorica.rayark.download/androidExp/client_assets/26c3d619-560c-47a6-ad10-a7f7101352b9/character_largeimage_h0172.ab
##### Asset #####,character_largeimage_h0174.ab
Hash,68f8b49e91fce9522a5063c3fcaa2001
UUID,f9f3319d-9f3f-49cc-92f1-c7dd035ce998
Link,https://sdorica.rayark.download/androidExp/client_assets/f9f3319d-9f3f-49cc-92f1-c7dd035ce998/character_largeimage_h0174.ab
##### Asset #####,character_largeimage_h0175.ab
Hash,029cd25e2fbf22b90977b88db425890f
UUID,bf784ab3-1324-41ba-9f7d-b5b89488b87a
Link,https://sdorica.rayark.download/androidExp/client_assets/bf784ab3-1324-41ba-9f7d-b5b89488b87a/character_largeimage_h0175.ab
##### Asset #####,character_largeimage_h0176.ab
Hash,d5db7a58a3bc2ce7ba0285afdb40e768
UUID,8dd984b5-01f3-4c4f-ac94-ea3e99225daf
Link,https://sdorica.rayark.download/androidExp/client_assets/8dd984b5-01f3-4c4f-ac94-ea3e99225daf/character_largeimage_h0176.ab
##### Asset #####,character_largeimage_h0177.ab
Hash,3b0d8af2a86f388901a2b59f75511886
UUID,49376546-da6a-450f-9640-4f09dd26464e
Link,https://sdorica.rayark.download/androidExp/client_assets/49376546-da6a-450f-9640-4f09dd26464e/character_largeimage_h0177.ab
##### Asset #####,character_largeimage_h0185.ab
Hash,b96b4dd944ba0886916e8890a8d25551
UUID,d73aa87f-3d63-4ea6-8273-499ad5e89ea2
Link,https://sdorica.rayark.download/androidExp/client_assets/d73aa87f-3d63-4ea6-8273-499ad5e89ea2/character_largeimage_h0185.ab
##### Asset #####,character_largeimage_h0191.ab
Hash,681f21d6bc55f9f6bb17d75cd2e864e4
UUID,d33d9ae4-4a7f-4c00-b988-f4bba59ec28e
Link,https://sdorica.rayark.download/androidExp/client_assets/d33d9ae4-4a7f-4c00-b988-f4bba59ec28e/character_largeimage_h0191.ab
##### Asset #####,character_largeimage_h0192.ab
Hash,f6aa941624effd53fe300b2784c731f6
UUID,743ce2d2-48a3-4d74-ad68-0822cb4fb2c9
Link,https://sdorica.rayark.download/androidExp/client_assets/743ce2d2-48a3-4d74-ad68-0822cb4fb2c9/character_largeimage_h0192.ab
##### Asset #####,character_largeimage_h0193.ab
Hash,e63c3fb3ef173988fe28a9cc58b11e9f
UUID,9e268fdd-c1f3-4ecb-8634-fa8dad3d8901
Link,https://sdorica.rayark.download/androidExp/client_assets/9e268fdd-c1f3-4ecb-8634-fa8dad3d8901/character_largeimage_h0193.ab
##### Asset #####,character_largeimage_h0198.ab
Hash,0ebfe59c8c01ec78e4d4d9dc5b98775c
UUID,7d89cda9-12d7-43b2-9971-230367552e6b
Link,https://sdorica.rayark.download/androidExp/client_assets/7d89cda9-12d7-43b2-9971-230367552e6b/character_largeimage_h0198.ab
##### Asset #####,character_largeimage_h0199.ab
Hash,df6531ef9e2293c0534cf6bd170ab68a
UUID,bff61460-d502-4d59-a759-76294d33fada
Link,https://sdorica.rayark.download/androidExp/client_assets/bff61460-d502-4d59-a759-76294d33fada/character_largeimage_h0199.ab
##### Asset #####,character_largeimage_h0200.ab
Hash,7bca464288b1b38f17972c54d314d793
UUID,18db2c42-7a7a-4721-a127-8eaf12f70b0a
Link,https://sdorica.rayark.download/androidExp/client_assets/18db2c42-7a7a-4721-a127-8eaf12f70b0a/character_largeimage_h0200.ab
##### Asset #####,character_largeimage_h0201.ab
Hash,2b4dd6a0488bc891503d327be2c77565
UUID,f280a5d6-0aff-46a2-8722-ef568ba70d9b
Link,https://sdorica.rayark.download/androidExp/client_assets/f280a5d6-0aff-46a2-8722-ef568ba70d9b/character_largeimage_h0201.ab
##### Asset #####,character_largeimage_m0011.ab
Hash,9f0b43ef1c7abd3aea65bc64cd18491b
UUID,912a3085-df42-4e50-9f14-2dcfc80bcc11
Link,https://sdorica.rayark.download/androidExp/client_assets/912a3085-df42-4e50-9f14-2dcfc80bcc11/character_largeimage_m0011.ab
##### Asset #####,character_largeimage_r0034.ab
Hash,8c5d18426e5bd4badc6893d8f49be3a7
UUID,247bdb73-a8ea-4df6-b247-fe38b22ba745
Link,https://sdorica.rayark.download/androidExp/client_assets/247bdb73-a8ea-4df6-b247-fe38b22ba745/character_largeimage_r0034.ab
##### Asset #####,character_largeimage_r0160.ab
Hash,3f080e2890575d6802b3590ec0d9bd29
UUID,d4debdfb-0cd7-497e-8b25-93f39196e9c0
Link,https://sdorica.rayark.download/androidExp/client_assets/d4debdfb-0cd7-497e-8b25-93f39196e9c0/character_largeimage_r0160.ab
##### Asset #####,character_largeimage_r0173.ab
Hash,dd6c53b933a6ef31c88a63ae0a77a27c
UUID,51638423-c1ab-4618-a380-321aa797c0f1
Link,https://sdorica.rayark.download/androidExp/client_assets/51638423-c1ab-4618-a380-321aa797c0f1/character_largeimage_r0173.ab
##### Asset #####,character_largeimage_t0017.ab
Hash,0b8aad76e25ed39e3b45403f6a03199e
UUID,86178675-6eae-4967-b4f9-7c7beb0c5053
Link,https://sdorica.rayark.download/androidExp/client_assets/86178675-6eae-4967-b4f9-7c7beb0c5053/character_largeimage_t0017.ab
##### Asset #####,character_largeimage_t0026.ab
Hash,03bfcb8160152af945bd2727c430bb93
UUID,c3547c26-ca48-4486-9695-92181982020c
Link,https://sdorica.rayark.download/androidExp/client_assets/c3547c26-ca48-4486-9695-92181982020c/character_largeimage_t0026.ab
##### Asset #####,character_largeimage_t0027.ab
Hash,487911710b843bd4fb118981570f5e82
UUID,37e84909-5027-4e4c-b710-7a8224f8e137
Link,https://sdorica.rayark.download/androidExp/client_assets/37e84909-5027-4e4c-b710-7a8224f8e137/character_largeimage_t0027.ab
##### Asset #####,character_largeimage_t0032.ab
Hash,f08475261d8c99371385fbd039ac0b79
UUID,6bfd3efa-2f97-4f7c-a9b9-18b4f516b6c0
Link,https://sdorica.rayark.download/androidExp/client_assets/6bfd3efa-2f97-4f7c-a9b9-18b4f516b6c0/character_largeimage_t0032.ab
##### Asset #####,character_largeimage_t0033.ab
Hash,ad7bc2865da8acce64e84824c6a0e7c0
UUID,5496e70b-62bc-4de6-b6bb-ad8543ec3bcc
Link,https://sdorica.rayark.download/androidExp/client_assets/5496e70b-62bc-4de6-b6bb-ad8543ec3bcc/character_largeimage_t0033.ab
##### Asset #####,character_largeimage_t0039.ab
Hash,c278ae9e93c6e63df8eacc8bab63f618
UUID,a352a79a-e929-48c1-a452-137623aa466f
Link,https://sdorica.rayark.download/androidExp/client_assets/a352a79a-e929-48c1-a452-137623aa466f/character_largeimage_t0039.ab
##### Asset #####,character_largeimage_t0044.ab
Hash,5c7ddb3c1ea0705261c0ec36871d4ccc
UUID,5ac7dbe5-4660-42f2-90c7-0560955ae441
Link,https://sdorica.rayark.download/androidExp/client_assets/5ac7dbe5-4660-42f2-90c7-0560955ae441/character_largeimage_t0044.ab
##### Asset #####,character_largeimage_t0049.ab
Hash,9ddaba8b48d798d3ec02acb64fdc5e97
UUID,d57883eb-c97e-452e-a741-896a8041f338
Link,https://sdorica.rayark.download/androidExp/client_assets/d57883eb-c97e-452e-a741-896a8041f338/character_largeimage_t0049.ab
##### Asset #####,character_largeimage_t0153.ab
Hash,47122fa327e9feda109b14039fad87eb
UUID,d703c176-a435-4f8e-a97d-c60fc42094a8
Link,https://sdorica.rayark.download/androidExp/client_assets/d703c176-a435-4f8e-a97d-c60fc42094a8/character_largeimage_t0153.ab
##### Asset #####,character_largeimage_t0155.ab
Hash,15fbc8afc28036d280714732a850bdba
UUID,4236c30c-c6d8-4951-ad3f-51be18510f13
Link,https://sdorica.rayark.download/androidExp/client_assets/4236c30c-c6d8-4951-ad3f-51be18510f13/character_largeimage_t0155.ab
##### Asset #####,character_largeimage_t0156.ab
Hash,81b3592d9657e504b92efcf717acff3d
UUID,ab80531c-7f54-4872-9732-4edaaa118f94
Link,https://sdorica.rayark.download/androidExp/client_assets/ab80531c-7f54-4872-9732-4edaaa118f94/character_largeimage_t0156.ab
##### Asset #####,character_largeimage_t0158.ab
Hash,b336dfeef3c24d5d32115369d2d08ec0
UUID,55d04786-e961-483a-89d1-41199c98fdac
Link,https://sdorica.rayark.download/androidExp/client_assets/55d04786-e961-483a-89d1-41199c98fdac/character_largeimage_t0158.ab
##### Asset #####,character_largeimage_t0180.ab
Hash,c46068301d8286685479af414d0aab4e
UUID,2c42c262-94a2-4c73-ab45-6c664ab873a4
Link,https://sdorica.rayark.download/androidExp/client_assets/2c42c262-94a2-4c73-ab45-6c664ab873a4/character_largeimage_t0180.ab
##### Asset #####,character_largeimage_t0181.ab
Hash,9ac91bb78820a78083dd4a4b97ab5678
UUID,a2dd8ffd-7a9f-41a0-8ec8-4c12d417ef4b
Link,https://sdorica.rayark.download/androidExp/client_assets/a2dd8ffd-7a9f-41a0-8ec8-4c12d417ef4b/character_largeimage_t0181.ab
##### Asset #####,character_largeimage_t0184.ab
Hash,3c4ac28fbbf02d22fcde919a041ec7c2
UUID,92bfb7cb-9c03-487b-87f4-e0788ea3bd34
Link,https://sdorica.rayark.download/androidExp/client_assets/92bfb7cb-9c03-487b-87f4-e0788ea3bd34/character_largeimage_t0184.ab
##### Asset #####,character_largeimage_uncategorized_0.ab
Hash,9dbc2d0b46e43771321636baed405e75
UUID,0b2bf03d-e057-48b6-be69-3668f76788b9
Link,https://sdorica.rayark.download/androidExp/client_assets/0b2bf03d-e057-48b6-be69-3668f76788b9/character_largeimage_uncategorized_0.ab

##### Table #####,Assets
BundleName,Ref,Size,Tag,UpdatePolicy,VersionHash
String,Asset,Integer,String,Integer,String
##### Data #####
audioclip_sfx_0_jp.ab,audioclip_sfx_0_jp.ab,133074,Stage_1,0,4768f8b52010ec75d1405616f48546d9886a3578efeb75eaa4b006292aab8287
audioclip_sfx_10_jp.ab,audioclip_sfx_10_jp.ab,61177,Stage_1,0,26c8a461d82d8f9f894f060c098fbbb7245a1bd1fbbbab515d36b7b4f20bf397
audioclip_sfx_11_jp.ab,audioclip_sfx_11_jp.ab,104154,Stage_1,0,cc8d57104774d575edcaa044c1a6be985d1e5d272aa55437cbc44b0a52933dc2
audioclip_sfx_12_jp.ab,audioclip_sfx_12_jp.ab,67408,Stage_1,0,096b07eecdbab0943f6417f78d1e82372f378ab253feebf806dd1fd99c991ab2
audioclip_sfx_13_jp.ab,audioclip_sfx_13_jp.ab,148999,Stage_1,0,a13dea27fd157f3e9935551af56eeb2d93f65565ca4d8263a4e8b047cb14c554
audioclip_sfx_14_jp.ab,audioclip_sfx_14_jp.ab,43261,Stage_1,0,abcd1141a63f2f2262d48d9e2f46b01427d5e09ccf3f038a7e338a68f7127682
audioclip_sfx_15_jp.ab,audioclip_sfx_15_jp.ab,88501,Stage_1,0,deddb5c321174a15c8cd0a42c25414cacb75d20cd573cdd86a3ebd5a3a42d449
audioclip_sfx_16_jp.ab,audioclip_sfx_16_jp.ab,96132,Stage_1,0,142579d30137c9c091298269a631985dba75a5143583ef0e399ac730daf1f2c6
audioclip_sfx_17_jp.ab,audioclip_sfx_17_jp.ab,43721,Stage_1,0,2d7faeba8b79646deb84098167ed5ad37b3a879573b516ffbd970b9282b62200
audioclip_sfx_18_jp.ab,audioclip_sfx_18_jp.ab,84508,Stage_1,0,c845194944f3614c2a1f5ac6957a9b23a8059adaf12c9c104e4cf4fd646e67bc
audioclip_sfx_19_jp.ab,audioclip_sfx_19_jp.ab,77222,Stage_1,0,3f7d3ef4dcffa3f84d9ffcc93acdee2f8fe11b89af02546baf960e67439c6d07
audioclip_sfx_1_jp.ab,audioclip_sfx_1_jp.ab,161072,Stage_1,0,0981c81b14ea5959c429c98165ade449cfc106e1df011ab2bbe8f27a323743b2
audioclip_sfx_20_jp.ab,audioclip_sfx_20_jp.ab,147227,Stage_1,0,0a05861ff4097d231167fbb79ee737bc8d00fae1a858779c0e7fef67cf0f3911
audioclip_sfx_21_jp.ab,audioclip_sfx_21_jp.ab,105478,Stage_1,0,fd4bfb5511e7414287dfebb357d012710bc5568b944befaef37ea32f425fdf4e
audioclip_sfx_22_jp.ab,audioclip_sfx_22_jp.ab,77746,Stage_1,0,7aa80d8fed4659745fa0b231b3bcbeb52d83a55d025702bcb45f3c21f48109d8
audioclip_sfx_23_jp.ab,audioclip_sfx_23_jp.ab,84618,Stage_1,0,d2319e5859fcec099b952c884acc360465c44c3a83a981f771e983c93c5b10c4
audioclip_sfx_24_jp.ab,audioclip_sfx_24_jp.ab,71968,Stage_1,0,7b634285e82cd52f2d958d792dc4de2473d72abc4b957614db710a7e728907bb
audioclip_sfx_25_jp.ab,audioclip_sfx_25_jp.ab,135480,Stage_1,0,04af1fc87ed3136cd22f954d5917bf35dccf95b1f45da4ca42d8394fe7904f89
audioclip_sfx_26_jp.ab,audioclip_sfx_26_jp.ab,219099,Stage_1,0,fd1e555935c95f2d9acd3d36a881613e3700ede349732ddd279dcd7fa6b7916b
audioclip_sfx_27_jp.ab,audioclip_sfx_27_jp.ab,139329,Stage_1,0,a0f69ec7a907aaafde48fb6a4824c4c5cc162d967724d511a935fd6b11d818d8
audioclip_sfx_28_jp.ab,audioclip_sfx_28_jp.ab,108379,Stage_1,0,0c6744514a18e9dccad9fede9d4e3b68f9af1cef83cc481093fbb1a7111bfe52
audioclip_sfx_29_jp.ab,audioclip_sfx_29_jp.ab,121284,Stage_1,0,03b9864bda86386b05d7934cd8e026a59d323aaa9cf69c376da0af3f410ef338
audioclip_sfx_2_jp.ab,audioclip_sfx_2_jp.ab,154618,Stage_1,0,5cf607d4d0aac0777010835a1f0ffc9883f1583d2d0b130569e65bd263fafd72
audioclip_sfx_30_jp.ab,audioclip_sfx_30_jp.ab,52957,Stage_1,0,68175ed68168cbda140fb234821bf8a4164c9812ff239176cdc63b510a67757c
audioclip_sfx_31_jp.ab,audioclip_sfx_31_jp.ab,92480,Stage_1,0,d590e8b8402066507d9bd72d8a7768487a5e69ff7099079b220298aa59911027
audioclip_sfx_32_jp.ab,audioclip_sfx_32_jp.ab,83607,Stage_1,0,a3e744a916d33a22013129bb605b400905ef157d6a5c56a2d0ac2a5676978cf1
audioclip_sfx_33_jp.ab,audioclip_sfx_33_jp.ab,64465,Stage_1,0,23bfe26fee8dbd670d30c66e0e2c4443ce6e818d1a6f13077de4113c7f7cf7e9
audioclip_sfx_34_jp.ab,audioclip_sfx_34_jp.ab,84962,Stage_1,0,dd0b20dc6b11d09724cd3581bb0139a4267ac2d2fdae7259e96692a4dc00b400
audioclip_sfx_35_jp.ab,audioclip_sfx_35_jp.ab,202287,Stage_1,0,15ad834e81a6b25de63e6811b5b4f8c04dfec95d9a0873c184e610511ce6417a
audioclip_sfx_36_jp.ab,audioclip_sfx_36_jp.ab,104751,Stage_1,0,ae9f574f24e4194cb8b700e4b94fed70aec072854eee9bd7f6fb94735a21a005
audioclip_sfx_37_jp.ab,audioclip_sfx_37_jp.ab,67884,Stage_1,0,43eb877f8cd753a8e5f942b6c9600de1f9712d7ae14306d97a625f98fd00d823
audioclip_sfx_38_jp.ab,audioclip_sfx_38_jp.ab,68437,Stage_1,0,73bebdb2f036e934fe14cf61f3e8c8b01687485ec7249ed924e9eb9afc976cda
audioclip_sfx_39_jp.ab,audioclip_sfx_39_jp.ab,136086,Stage_1,0,9268a4e6c0e1f761815bb446b50580c7ddf0e47c4ba9a9ded787e3b9765ec76c
audioclip_sfx_3_jp.ab,audioclip_sfx_3_jp.ab,137689,Stage_1,0,fc99b207e7f9c599747a6eafd60827ce2b06b4b1db6641ad2eeb4eb4187560c2
audioclip_sfx_40_jp.ab,audioclip_sfx_40_jp.ab,63186,Stage_1,0,c35acd72bdbd60e04debb3641b32d5f3a8d9c586884adbccd70129281dbe5665
audioclip_sfx_41_jp.ab,audioclip_sfx_41_jp.ab,74976,Stage_1,0,a2294327368b619226f50224562cf05e8f109a2e34574c6953a439da1d7d50a3
audioclip_sfx_42_jp.ab,audioclip_sfx_42_jp.ab,118407,Stage_1,0,86c7a22ff4458a553b4258c65ac3a50556732fc780870dcda1e69ac67707c03b
audioclip_sfx_43_jp.ab,audioclip_sfx_43_jp.ab,23432,Stage_1,0,b8ac9cc6d3ea4f6bbcce8877f13a477b863fc0febca4905a01042eac04636c03
audioclip_sfx_44_jp.ab,audioclip_sfx_44_jp.ab,123347,Stage_1,0,abc05acb1aa1e889d4467a1cf70ee1806aba383db33e89f6a23a2ffdca7c1252
audioclip_sfx_45_jp.ab,audioclip_sfx_45_jp.ab,75384,Stage_1,0,ee816a9fc118b01c584f332b2dc7e111048ba761e148dde9c30203a82c7310b7
audioclip_sfx_46_jp.ab,audioclip_sfx_46_jp.ab,38470,Stage_1,0,c2a50e8faa6c7467cf2c77d3e15b3bcbdac1c51a8945697d7990d0dd64c5b744
audioclip_sfx_47_jp.ab,audioclip_sfx_47_jp.ab,29254,Stage_1,0,d209a94b9d85515c2ff81e96cd92b7d73fbc859e84510e9c31e2456c1d6c45ed
audioclip_sfx_48_jp.ab,audioclip_sfx_48_jp.ab,88419,Stage_1,0,d011e233404af9bdf0a5344d9fcc1404af74675ef08ab88cdaaafb6f9c2a63be
audioclip_sfx_49_jp.ab,audioclip_sfx_49_jp.ab,141504,Stage_1,0,56f695a97786f0988b106d4116014e9be96c50f5549b0ba110830b79df82ae0b
audioclip_sfx_4_jp.ab,audioclip_sfx_4_jp.ab,102682,Stage_1,0,67fc887ca71425d8434eddafada3b6312fede867c0999eb2cc00cab1f6b02539
audioclip_sfx_5_jp.ab,audioclip_sfx_5_jp.ab,118741,Stage_1,0,b46e0ad94173d7749bb9a85dad2b3c56fb1701dfedad47f5e4b0afa77d8548fb
audioclip_sfx_6_jp.ab,audioclip_sfx_6_jp.ab,103489,Stage_1,0,6a132a9c4a4142da025a0b2c41d6ec1ad071c83358228fd8bba5e2a689065369
audioclip_sfx_7_jp.ab,audioclip_sfx_7_jp.ab,87114,Stage_1,0,8528ffbdc9ea309ee7bbcd7d996e73a5f4ac360de3c8230e2b7c6185123dc1bc
audioclip_sfx_8_jp.ab,audioclip_sfx_8_jp.ab,61866,Stage_1,0,8c1d432269a7c7f88ae1bd68d4d09db48b94c94094edbb078be155e2e9ea2a9a
audioclip_sfx_9_jp.ab,audioclip_sfx_9_jp.ab,54552,Stage_1,0,517cb4beb108fd606ddcba3e25a2d306e4005d6e41e61e984ed0d8a7042ae805
audioclip_sfx_b0001_jp.ab,audioclip_sfx_b0001_jp.ab,63624,Stage_1,0,254ca2572c117a75e62083e57c5cc58a8c6433c6d8e684c4ed9400ea4957931d
audioclip_sfx_b0015_jp.ab,audioclip_sfx_b0015_jp.ab,116833,Stage_1,0,600c6d5efc37e0184492dd7c02faf39c8ab8fefbbc6243de27ca395839eb45df
audioclip_sfx_b0028_jp.ab,audioclip_sfx_b0028_jp.ab,875206,Stage_1,0,ec8699ce204587a30e2d1b49a696fd2b37fb586c381ae0ef423113e9c039525a
audioclip_sfx_b0037_jp.ab,audioclip_sfx_b0037_jp.ab,1717735,Stage_1,0,c3c40437c91139ef28128c508e3ef502e66fd5dcb44a5f7b97e68e010c4eb074
audioclip_sfx_e0002_jp.ab,audioclip_sfx_e0002_jp.ab,662019,Stage_1,0,baccaaf24c28cb8600e4f8ba37f18e41258dbfd071571e2793894a07cc024968
audioclip_sfx_e0046_jp.ab,audioclip_sfx_e0046_jp.ab,3100194,Stage_1,0,fcc44e3e32ef9c2eec689464a761a22246a1c29cf89ac7c841d58f5abb88154a
audioclip_sfx_h0003_jp.ab,audioclip_sfx_h0003_jp.ab,643296,Stage_1,0,73e3bab67babf891c897c3062aa99baa6f33ad52d036fe8d14e55bd9c3796deb
audioclip_sfx_h0004_jp.ab,audioclip_sfx_h0004_jp.ab,828726,Stage_1,0,fbf75642af81db8dadf9dee5d892f48f2bd98c5e348b1be1d0f8457b7db43f62
audioclip_sfx_h0005_jp.ab,audioclip_sfx_h0005_jp.ab,872421,Stage_1,0,48186ecd05143e74323fd4245b6cf7ee72a673b0527d2cb29a7844c45dda4a26
audioclip_sfx_h0006_jp.ab,audioclip_sfx_h0006_jp.ab,859653,Stage_1,0,4b30b66d7f6622570540dab98edcf31929396e52bbea5202c39ce3b8ba89d51b
audioclip_sfx_h0007_jp.ab,audioclip_sfx_h0007_jp.ab,678590,Stage_1,0,979091dc2381af8714e3fd6ede23c4db1236ad712df2dd829cc4c0449521752b
audioclip_sfx_h0008_jp.ab,audioclip_sfx_h0008_jp.ab,349373,Stage_1,0,660e5c575c316251090632646d1985da633f38c95a698cd0672796cdd5251912
audioclip_sfx_h0009_jp.ab,audioclip_sfx_h0009_jp.ab,453749,Stage_1,0,83a3b36da97c86ba75b87b8bf61f5f9c3e46e41162dae914d5efaede93c85b00
audioclip_sfx_h0010_jp.ab,audioclip_sfx_h0010_jp.ab,1074561,Stage_1,0,9bcb30cadc377f7cfce32736f1f8b6f4cb4f7f351c17523756cb95068e0da349
audioclip_sfx_h0012_jp.ab,audioclip_sfx_h0012_jp.ab,740080,Stage_1,0,7405cdfc94dfc00ad7b5d0b3cf8724031b97983360f50a2ceeccf6e7aa49ecf1
audioclip_sfx_h0013_jp.ab,audioclip_sfx_h0013_jp.ab,940843,Stage_1,0,c7a90b73036e2c64312764fc3d6e6e970d61e48cd1eb7afe8d4ec3351519288d
audioclip_sfx_h0014_jp.ab,audioclip_sfx_h0014_jp.ab,446568,Stage_1,0,e633327fc67302e545e840771c03d48d13d25c8538b777a792e26aab41d00eb9
audioclip_sfx_h0016_jp.ab,audioclip_sfx_h0016_jp.ab,698652,Stage_1,0,2a9bad02c9f86e0f14f227864954a1b2de4b61d1ce2f5bae6be283aaa1cfe3fc
audioclip_sfx_h0018_jp.ab,audioclip_sfx_h0018_jp.ab,891783,Stage_1,0,168a9c59eeb23567f38c144e037fe6c6eea4fcb6264dc1fe49cf568f26d5e5da
audioclip_sfx_h0020_jp.ab,audioclip_sfx_h0020_jp.ab,755823,Stage_1,0,7b50c3b5dd26dd1daadc17c53c29019ded492fcd0d07da88cd8036ecae94eb63
audioclip_sfx_h0021_jp.ab,audioclip_sfx_h0021_jp.ab,1196222,Stage_1,0,39ad7329fdc7f399b8b9d03cb2b0deb7b1aede51ba49c589337a75addd0989fc
audioclip_sfx_h0022_jp.ab,audioclip_sfx_h0022_jp.ab,985513,Stage_1,0,19f215eed0788cd27e8b7f66fa84d650e9176559654603ff9cc1cb98be6bc910
audioclip_sfx_h0023_jp.ab,audioclip_sfx_h0023_jp.ab,1681289,Stage_1,0,d94010d42f67bebc5febf1eebec207277d6ea71a26cd623bcd0a78bd41b819d6
audioclip_sfx_h0024_jp.ab,audioclip_sfx_h0024_jp.ab,1561904,Stage_1,0,8125e4cf8646c268de0d8fb51e7b98b4167e52b5a6d525d90def16fe64e9af0d
audioclip_sfx_h0025_jp.ab,audioclip_sfx_h0025_jp.ab,937989,Stage_1,0,886b40f22d1498adacd39a369abcb2d6759ee0bea0f25c715f8405e0d1e36b61
audioclip_sfx_h0029_jp.ab,audioclip_sfx_h0029_jp.ab,1291318,Stage_1,0,c20bf70603f461ccd756e9763f436f1efa3665b4c343803b60f2127cf13c17df
audioclip_sfx_h0030_jp.ab,audioclip_sfx_h0030_jp.ab,1189229,Stage_1,0,0d1919e24ee350c7812209ad02ab0bcd86a2f50e6d4046a9f667131a46c43c62
audioclip_sfx_h0031_jp.ab,audioclip_sfx_h0031_jp.ab,1039717,Stage_1,0,7b7fcb942eea5390a5a0810c23901b38cc5d67e1185abebe83be9c6578ed8efc
audioclip_sfx_h0035_jp.ab,audioclip_sfx_h0035_jp.ab,785916,Stage_1,0,10706e347c0d8cfe0fbe88c7085afecdcc16bf578add463e43e65d475613ed74
audioclip_sfx_h0036_jp.ab,audioclip_sfx_h0036_jp.ab,743600,Stage_1,0,f8b5541d97b8002c3015822845f816d205dfb4ea317d338ddd507bb206e1164a
audioclip_sfx_h0038_jp.ab,audioclip_sfx_h0038_jp.ab,611319,Stage_1,0,9203b5b15f9505acb468579aa4666bfe0f749cf33467f801841f1cc9611bb288
audioclip_sfx_h0040_jp.ab,audioclip_sfx_h0040_jp.ab,587130,Stage_1,0,879976bfd1f67d863674d460e83f9ae97f2cddce4126b23ac6567e20d6699a86
audioclip_sfx_h0041_jp.ab,audioclip_sfx_h0041_jp.ab,525440,Stage_1,0,bbd1b474720ae58cd901aafe5bf36f20500b4fdeb4e9b5718f4c66e4360da8bd
audioclip_sfx_h0042_jp.ab,audioclip_sfx_h0042_jp.ab,955356,Stage_1,0,215388cef6314e070223b56e0de4dd23a32f9d14c9bff7a22187d44ba40d73e9
audioclip_sfx_h0043_jp.ab,audioclip_sfx_h0043_jp.ab,2421224,Stage_1,0,9b09bac1910c1c2c583cd93ef986e5629ca3a68499888b291a5095d2b0d22644
audioclip_sfx_h0044_jp.ab,audioclip_sfx_h0044_jp.ab,619176,Stage_1,0,3569f47baa8c1968a2d4aeadd473e28bd033edf027f58fe447915c118a9f2182
audioclip_sfx_h0045_jp.ab,audioclip_sfx_h0045_jp.ab,538540,Stage_1,0,e947e822e5ab3f0ab4e2f609c1d062f21ba3ac41b20e26d161f1b2bfb8e213aa
audioclip_sfx_h0047_jp.ab,audioclip_sfx_h0047_jp.ab,5025117,Stage_1,0,fff927e0195727fa72b12e361b6d0de1e1e664929c308ada1993a9a4b9817a02
audioclip_sfx_h0048_jp.ab,audioclip_sfx_h0048_jp.ab,1535953,Stage_1,0,2b16b447ae45bd11debc964830f80b54e152b10b212c87a87a0ca68d64f0c9d3
audioclip_sfx_h0073_jp.ab,audioclip_sfx_h0073_jp.ab,276258,Stage_1,0,3446ce26e99dd9b3600df3574dd37349e4f4e3892e1d84592fc9cf60db9d6fd9
audioclip_sfx_h0097_jp.ab,audioclip_sfx_h0097_jp.ab,1321255,Stage_1,0,fe834c29258e9160a2b01b1e55b7057d8fed46731b12cf3b173b0f4c66c97afd
audioclip_sfx_h0128_jp.ab,audioclip_sfx_h0128_jp.ab,29710,Stage_1,0,6590fc43ff7dcd7a22ce1e8996ed7baa450169361aa548dc9e9e42dc96527d09
audioclip_sfx_h0133_jp.ab,audioclip_sfx_h0133_jp.ab,1238230,Stage_1,0,51d307d1ad5609fbccb7182ac922f926fcb4bc6fb56fdfe992037af4bc951738
audioclip_sfx_h0134_jp.ab,audioclip_sfx_h0134_jp.ab,1174270,Stage_1,0,a46253b535fe59de2b8bf1e408798a23825926daa2b1c447f8fe1553514b5bf4
audioclip_sfx_h0135_jp.ab,audioclip_sfx_h0135_jp.ab,2285384,Stage_1,0,1ddab36873c2c2fd19eb86170e55c6082b0a05653a845453b4e02c16fbea4229
audioclip_sfx_h0136_jp.ab,audioclip_sfx_h0136_jp.ab,1260480,Stage_1,0,eaedbde2da1b16d170b0b7043a0b06c66a2c6272aca68c133f7a4dd4bb9d5b01
audioclip_sfx_h0137_jp.ab,audioclip_sfx_h0137_jp.ab,2046285,Stage_1,0,8d5d5dc638abfbd141a06bc9b632685a733d49f08c7a98bc400da13cfb7b6640
audioclip_sfx_h0138_jp.ab,audioclip_sfx_h0138_jp.ab,1084295,Stage_1,0,d2dcf5699e9e1a519de2842e9af0018310b9a74e2edd0c47108f599d54bc100e
audioclip_sfx_h0150_jp.ab,audioclip_sfx_h0150_jp.ab,2757182,Stage_1,0,427029dd38ac83f1020d813a04022cd0aef4ae1d29d1eef73905ef9a52da0eac
audioclip_sfx_h0151_jp.ab,audioclip_sfx_h0151_jp.ab,1924658,Stage_1,0,b9c506c7fd3b2501d171ec5b8eaf7f4958ee0d49f91bf73ddfb2fbfff10cba06
audioclip_sfx_h0152_jp.ab,audioclip_sfx_h0152_jp.ab,1987330,Stage_1,0,9d296eb49e9d438dccd871435de5a4a062984af4ae77cf20ef95921affd6473d
audioclip_sfx_h0154_jp.ab,audioclip_sfx_h0154_jp.ab,1928498,Stage_1,0,3a13eef7d1629c042d4b11508a120c14d3613cf01b07d345e3225ede1ef0ec1f
audioclip_sfx_h0157_jp.ab,audioclip_sfx_h0157_jp.ab,1498179,Stage_1,0,213e17bc6f71e395518c32d69cb68f86d017cefa46ae69138569ef2b3b43d650
audioclip_sfx_h0159_jp.ab,audioclip_sfx_h0159_jp.ab,1893070,Stage_1,0,32da080570d234b3218ae3df4765383ef814a52257bd48ef32856cce6f240406
audioclip_sfx_h0161_jp.ab,audioclip_sfx_h0161_jp.ab,1944078,Stage_1,0,57e3e0a7113c73c33666319b73f007f51baa75f28e3bab293626994fe7e76aba
audioclip_sfx_h0163_jp.ab,audioclip_sfx_h0163_jp.ab,1305033,Stage_1,0,b81bd7b24d109beb2536259741cd1ca0052f512b91a61de42eff9de345f05c07
audioclip_sfx_h0164_jp.ab,audioclip_sfx_h0164_jp.ab,966684,Stage_1,0,79c3cceca88f8f4182305a87a0ba852c87ec5e2b573f6112b866885b34ea9ee6
audioclip_sfx_h0165_jp.ab,audioclip_sfx_h0165_jp.ab,1022174,Stage_1,0,db01d3b24ec3708a5619068fbcb9a4cff2b371e900cdd6b1291ef128f2c5ea5b
audioclip_sfx_h0166_jp.ab,audioclip_sfx_h0166_jp.ab,735067,Stage_1,0,053c0be61afcf7dbde79e2fd450892274e49bf99e2aab95db4ffcc9e7730fc55
audioclip_sfx_h0167_jp.ab,audioclip_sfx_h0167_jp.ab,884650,Stage_1,0,ca67678bfad7a50172a0a409ecdf56007e7744e2e249ddfb1fd04c375ed75ebe
audioclip_sfx_h0168_jp.ab,audioclip_sfx_h0168_jp.ab,747200,Stage_1,0,2ceb3482c55696a22ad81baaf2e21f445053643f1e33be93e50f71173a0063fa
audioclip_sfx_h0169_jp.ab,audioclip_sfx_h0169_jp.ab,929563,Stage_1,0,a988428b1633492cb2769b7264183325ab6f28f5239a6d41a343ffff8db3bb2a
audioclip_sfx_h0170_jp.ab,audioclip_sfx_h0170_jp.ab,1438157,Stage_1,0,af5e35aed245385b3e9e18e859fab286882b404949f9cb415941c8d8da3da415
audioclip_sfx_h0171_jp.ab,audioclip_sfx_h0171_jp.ab,1738244,Stage_1,0,80499fa45dee776376e91c76990367303a12604bdbfbcdedf79375e77bd41080
audioclip_sfx_h0172_jp.ab,audioclip_sfx_h0172_jp.ab,1379851,Stage_1,0,0d12b380fc81c6ec834904c65895f827bbe5905ca83bbf029a018c4144920076
audioclip_sfx_h0174_jp.ab,audioclip_sfx_h0174_jp.ab,1668236,Stage_1,0,6a9569ff383abdd2d900cf9f578cfd9572859390cb6dfebbe76fda216881d520
audioclip_sfx_h0175_jp.ab,audioclip_sfx_h0175_jp.ab,1253454,Stage_1,0,6a2b87eb3e12a9abe2e83d4c14079b4a67807871be4d48dfe168cc4226ed9ad3
audioclip_sfx_h0176_jp.ab,audioclip_sfx_h0176_jp.ab,978036,Stage_1,0,122291e7d2a6271288d24aed37de4ef05c6f22269ac1c2e85ae8da2f2ad625cc
audioclip_sfx_h0177_jp.ab,audioclip_sfx_h0177_jp.ab,1465796,Stage_1,0,5b7fe66144fd0aee3e05256ad060e998dfcb5fb272b536366a291c420a9fbe70
audioclip_sfx_h0183_jp.ab,audioclip_sfx_h0183_jp.ab,1046368,Stage_1,0,6204005e5a2fea824bf12c398eaba494a661a2ffef9a40ffafa8ec02f4d13c4a
audioclip_sfx_h0185_jp.ab,audioclip_sfx_h0185_jp.ab,1563935,Stage_1,0,f7d88606804f19b8d829975981eecfdb2d2fece063038332fdcffab9329cd072
audioclip_sfx_h0186_jp.ab,audioclip_sfx_h0186_jp.ab,374438,Stage_1,0,e839eaeb0b9b119e4ba71dfba24c04b0b562d96883aeb7f94c75e81c86e7d9ac
audioclip_sfx_h0191_jp.ab,audioclip_sfx_h0191_jp.ab,565237,Stage_1,0,a50c82cad47564b9d0379a46a1aa316dddeba24895c1bad024460f46cdadc4ac
audioclip_sfx_h0192_jp.ab,audioclip_sfx_h0192_jp.ab,817918,Stage_1,0,20b524554971c898c0d7092baebaa0eac1445b725d091ca09cdf9f57e3fb2311
audioclip_sfx_h0193_jp.ab,audioclip_sfx_h0193_jp.ab,1562399,Stage_1,0,45ff95324ae72e8fe9c4dcda33be8b3cf21290c2c0a743081aa82feccff9b975
audioclip_sfx_h0198_jp.ab,audioclip_sfx_h0198_jp.ab,1080988,Stage_1,0,f5a22a69326fdd5d7ef8a65fc706fb741e26cda32b3ade0f541aacdbcb3fbb89
audioclip_sfx_h0199_jp.ab,audioclip_sfx_h0199_jp.ab,922762,Stage_1,0,5b6c8f41c7ff1f689a029beaaf2a2eefdf6bb1cebb95fc91e982adbbf9a57e73
audioclip_sfx_h0200_jp.ab,audioclip_sfx_h0200_jp.ab,677160,Stage_1,0,112a0a1d3479e0e12d69e83453597649fa05aa4739832a5dad1d412be6d231a4
audioclip_sfx_h0201_jp.ab,audioclip_sfx_h0201_jp.ab,810545,Stage_1,0,734bb748f283ac870d684d0c352eb9bc07292566a2320b1b0bb2f62c4bc23045
audioclip_sfx_h3190_jp.ab,audioclip_sfx_h3190_jp.ab,274107,Stage_1,0,ff2b67b383dd5dcd21fc2cb228bf031f028a7023bf3d27a750e6fc9ddeffddea
audioclip_sfx_h3401_jp.ab,audioclip_sfx_h3401_jp.ab,220241,Stage_1,0,f7ed0822345a362d64a8d207aa54e082a1ee5f36b3f5f1cb5a032e8fa64b1630
audioclip_sfx_m0011_jp.ab,audioclip_sfx_m0011_jp.ab,95904,Stage_1,0,99ba486a6e6078d653a04bb2faad409b0090759aa92ef63f4592f676e232f139
audioclip_sfx_r0034_jp.ab,audioclip_sfx_r0034_jp.ab,1090287,Stage_1,0,d7b117e4da4e747f58f45bc8f0d19c995ac2e2cf223fe0de163d4637a3361bf7
audioclip_sfx_r0160_jp.ab,audioclip_sfx_r0160_jp.ab,4141809,Stage_1,0,48e340b6ed44e8fedbfa6d4e614d7e6d7e3c44a9a700f160cb0566638971a357
audioclip_sfx_r0173_jp.ab,audioclip_sfx_r0173_jp.ab,1438334,Stage_1,0,2e5979b079333271d11f2e4c26fc39700f7e6e3cc97654e7ee2d9fcc56e0b3bd
audioclip_sfx_t0017_jp.ab,audioclip_sfx_t0017_jp.ab,883152,Stage_1,0,912f6d0b814da65316f755a84c88ce1dca0e139aa54a4e9e2ed5427d7031fb6c
audioclip_sfx_t0026_jp.ab,audioclip_sfx_t0026_jp.ab,903933,Stage_1,0,3dfd0f83b74c86a670132c3ce3e22d74b13c0d7e746577231ffd09e161c04462
audioclip_sfx_t0027_jp.ab,audioclip_sfx_t0027_jp.ab,1201326,Stage_1,0,667d0ef09008f1d56bc2f835053853ca5bcb8d6899e2310ada99b8f8d51ae465
audioclip_sfx_t0032_jp.ab,audioclip_sfx_t0032_jp.ab,995069,Stage_1,0,f246aab94640912a8db3624fcc925612c68dbce878d17093a435c9215ea0fb50
audioclip_sfx_t0033_jp.ab,audioclip_sfx_t0033_jp.ab,1222379,Stage_1,0,24c47b082a8c8e1cc2a8c9721031ae4a14ea9e7955b7f635bc6d5a6a2522a9f6
audioclip_sfx_t0039_jp.ab,audioclip_sfx_t0039_jp.ab,694955,Stage_1,0,18520fec42c30fb476d9951752af214e43cba15e97eb970879702a7ccd91ff4d
audioclip_sfx_t0044_jp.ab,audioclip_sfx_t0044_jp.ab,3816615,Stage_1,0,d46983f547518df61c0d4a350ab4241b143c82e7c652833accb2eda39cc1474a
audioclip_sfx_t0049_jp.ab,audioclip_sfx_t0049_jp.ab,1950945,Stage_1,0,65e5cd7612c963bd2c958318f0597047db3c0d13d8d0dcfdd3c821cba5acc851
audioclip_sfx_t0153_jp.ab,audioclip_sfx_t0153_jp.ab,2974087,Stage_1,0,ef94f1d051f23ab18dd8efc627839d04213f8e6cbaf37feb208768473be26218
audioclip_sfx_t0155_jp.ab,audioclip_sfx_t0155_jp.ab,1786521,Stage_1,0,0e17671054e385125c95b0fea4130690d15a73117a98aea04ceb1f23224b9349
audioclip_sfx_t0156_jp.ab,audioclip_sfx_t0156_jp.ab,2340687,Stage_1,0,5bf776a5f04b059e7b8774baa909c6e2629d51e9496d59e1b737d766387e205a
audioclip_sfx_t0158_jp.ab,audioclip_sfx_t0158_jp.ab,1950950,Stage_1,0,e2c76bb4be064f1ec4bda1c7fe67337a33fac6d19547b73ffc24e08ccb3c17d2
audioclip_sfx_t0180_jp.ab,audioclip_sfx_t0180_jp.ab,2411026,Stage_1,0,fc61bae2b5268f4b944bfb96fc7f97eed842a2f844745545673b4783902ccb2d
audioclip_sfx_t0181_jp.ab,audioclip_sfx_t0181_jp.ab,2120097,Stage_1,0,11c6f09d273d3b2142964843bd65adfee748bbe5dace26b1bee7256da1d2c519
audioclip_sfx_t0182_jp.ab,audioclip_sfx_t0182_jp.ab,374485,Stage_1,0,146fe2f3f41260aaf1c14e7ff258f16f6396da62033b3664ba13105530d1953b
audioclip_sfx_t0184_jp.ab,audioclip_sfx_t0184_jp.ab,1735996,Stage_1,0,5d0d0d7c908bbf795dc43e75fd0eb967492452ee6f9022e244c5d1cc336701a7
audioclip_sfx_t3189_jp.ab,audioclip_sfx_t3189_jp.ab,316196,Stage_1,0,c3c5daaaad42d07d0dd9630023e12941464ddad3ed7a914e428dd5beedf12136
audioclip_sfx_t3191_jp.ab,audioclip_sfx_t3191_jp.ab,164018,Stage_1,0,dcd2b00ab86a9e9a89c464522ae65ab4d8d0a2a5f769ab38563ce2e128c1fdb1
audioclip_sfx_t3259_jp.ab,audioclip_sfx_t3259_jp.ab,214542,Stage_1,0,9837e74ee4f700592efe381a07453cbc200ce776bc77b2d9556b8beebea35fd4
audioclip_sfx_t3260_jp.ab,audioclip_sfx_t3260_jp.ab,310371,Stage_1,0,73d3a229d5513eda9833a12a5162839ed436191ceb996f786361f69a95ba7717
audioclip_sfx_t3403_jp.ab,audioclip_sfx_t3403_jp.ab,288931,Stage_1,0,085bccc56b344d6f7e0e5e6a6db6c7db8a2e35007794407f3eb68c98a06c4917
audioclip_sfx_t3407_jp.ab,audioclip_sfx_t3407_jp.ab,270545,Stage_1,0,07d1fcf85cbb3362fcbc04945d9efe82e0adad3d730b7bc872a21394d919d60e
character_largeimage_b0001.ab,character_largeimage_b0001.ab,2495651,Stage_1,0,25086db6fe5cae50b529182981d57b67a89cbcd5dde5c0cb6c40e9344b27142b
character_largeimage_b0015.ab,character_largeimage_b0015.ab,2552316,Stage_1,0,446376ac8ab5c6c9405eeff325dc371eccea364ac367bfdf5ff1e27c6788a8ee
character_largeimage_b0028.ab,character_largeimage_b0028.ab,2506496,Stage_1,0,2d0ad2f08bb6c19436d78beb9a20b69f0f8aedd361f9a5aafbf0bc8d941b5efe
character_largeimage_b0037.ab,character_largeimage_b0037.ab,2502115,Stage_1,0,958efd2df27263229e9267e9676e43e47a0cd1b8305a7f255ec1a5c589da2830
character_largeimage_e0002.ab,character_largeimage_e0002.ab,2681244,Stage_1,0,69228085a2de04aafeb82afee9f95934f0694ff144400f443c9f30538b39bf02
character_largeimage_e0046.ab,character_largeimage_e0046.ab,698614,Stage_1,0,e9c28ba4f24b58843ccb8ab86e72dd27f7fa507544f276757cba5d568623bc97
character_largeimage_h0000.ab,character_largeimage_h0000.ab,162241,Stage_1,0,f9ceeb754056e27054f7e0f478870014a2c44c79b37e64fc2878d2b313bd4288
character_largeimage_h0003.ab,character_largeimage_h0003.ab,2422605,Stage_1,0,dfe426dbf3cef6081b0fba5e21c31e0c9d12a7869f5dea10fa257e31ea17186a
character_largeimage_h0004.ab,character_largeimage_h0004.ab,2765350,Stage_1,0,0bd134711721a429c0312c476bcd19b24aacba2221e6bfb5512f60bd13bcc539
character_largeimage_h0005.ab,character_largeimage_h0005.ab,2456682,Stage_1,0,4025cb56a80e7a0f92c05b45eeedba6e311c3eb5eb18430c058d79839bd168cf
character_largeimage_h0006.ab,character_largeimage_h0006.ab,2504056,Stage_1,0,08a453ee43bf3a4fb9eb5a360fc0f239635451d7f09d5d0939054a2e62deec22
character_largeimage_h0007.ab,character_largeimage_h0007.ab,666244,Stage_1,0,50e175dd0f9eb0df4ecb6c37843cb39805aabebea7caaed070c65e415391de44
character_largeimage_h0008.ab,character_largeimage_h0008.ab,563882,Stage_1,0,0f717124dca3d3f042b1a8e921b8e62e79d5a500822d6fafb734d0fd32a948d2
character_largeimage_h0009.ab,character_largeimage_h0009.ab,739598,Stage_1,0,9458429f4cdf71c697dd400454cb83585223a22e3150fe92d298d8921aad28e4
character_largeimage_h0010.ab,character_largeimage_h0010.ab,3045368,Stage_1,0,576c23c8d4e7f5714aac1e5597c916c8cc08b559611098340b14612aada54014
character_largeimage_h0012.ab,character_largeimage_h0012.ab,754919,Stage_1,0,f057d7aa25cbf87e78729ccb2a8a5df96c5c2300ae2a9a076c48e2bf8d33b489
character_largeimage_h0013.ab,character_largeimage_h0013.ab,603486,Stage_1,0,45619ca106a6fa27fb2927c2ae833ab4a8120089689596bb1032b1b27bb88666
character_largeimage_h0014.ab,character_largeimage_h0014.ab,739808,Stage_1,0,790d633b02511808b92add74951878f8aee6390b6331da25da693b2e474f21a2
character_largeimage_h0016.ab,character_largeimage_h0016.ab,566660,Stage_1,0,47fcff2abb9ced0cb7bd498b0dbb7bc86d07e86142015a367771108da0d0cac3
character_largeimage_h0018.ab,character_largeimage_h0018.ab,2528471,Stage_1,0,57d58af4766a9bc0f9c2602126cf9c912daccd933bf0f2b9f21c94a8c486834c
character_largeimage_h0020.ab,character_largeimage_h0020.ab,2936832,Stage_1,0,8d8aadca7dde3380b8eabd1eba67db6980c1ed701b5c6a4040ae05d065489a28
character_largeimage_h0021.ab,character_largeimage_h0021.ab,3308612,Stage_1,0,59e6a9b649ec52086d2be189404d6f686ab4f706d21633065b15aea451ebb120
character_largeimage_h0022.ab,character_largeimage_h0022.ab,2627611,Stage_1,0,2492e05da8af03cff7a450a837598085157efffd16bf0911fc0baacb1a493676
character_largeimage_h0023.ab,character_largeimage_h0023.ab,2617624,Stage_1,0,5ecbf4bbcd9e5567815aca48a52fcacbdece20a3ce4e4ff7a935c7b5238cda51
character_largeimage_h0024.ab,character_largeimage_h0024.ab,2630207,Stage_1,0,e525322ddb7f87e2848a693170a5bea1ee2f8869b8a4b29acd52c96c4486eb56
character_largeimage_h0025.ab,character_largeimage_h0025.ab,2392569,Stage_1,0,3898f7e37cae14d2b0faaa966d26acbeeb0719f2a5f54959774953ee70a9b676
character_largeimage_h0029.ab,character_largeimage_h0029.ab,2995290,Stage_1,0,63efe1ff9806d550f361ec08d54f8ea90a68b4f04abadd40bf317a2277c9bc39
character_largeimage_h0030.ab,character_largeimage_h0030.ab,2175267,Stage_1,0,09b243ec41dd99172f91c9a9c0d5f3c08d368cdfb68ce119ba8bcbc138169061
character_largeimage_h0031.ab,character_largeimage_h0031.ab,2428868,Stage_1,0,4a3fd3bee1e285b1310b8e3efd545461449fce47f54b6c7108f76b63ebc2e16e
character_largeimage_h0035.ab,character_largeimage_h0035.ab,2427396,Stage_1,0,9861ad23eb8d652fbaf21e59dd545db59884527009f8d29d0637b7ed6c3e922b
character_largeimage_h0036.ab,character_largeimage_h0036.ab,2304469,Stage_1,0,9aa2e91edd760a6d9f9db05f2d2d8e96b09d5096947c8ad15b3186f9baa9ecc2
character_largeimage_h0038.ab,character_largeimage_h0038.ab,804072,Stage_1,0,f4fd25b58905d8082046b04cf6e3aab4fb3b8889774979cf27818f48fe37f3aa
character_largeimage_h0040.ab,character_largeimage_h0040.ab,709034,Stage_1,0,a3b66f241749cd4ae61f414b557f6eee6e1c07216c9a0040be2992b9382a7d6d
character_largeimage_h0041.ab,character_largeimage_h0041.ab,685080,Stage_1,0,77f3bb1d7531431888c15cca5a2e159adee3d2b9a0341b689c0fa625ccacb090
character_largeimage_h0042.ab,character_largeimage_h0042.ab,752922,Stage_1,0,9f1c090e112ea2d94463807c0ef1ab8a8a4a40bcf7526b37f38bee13fbbe8813
character_largeimage_h0043.ab,character_largeimage_h0043.ab,2717520,Stage_1,0,5a88a87c5382f884c3c8c5c6dab1856bbe1db0ad30dcfaa47c0cc7a659507742
character_largeimage_h0045.ab,character_largeimage_h0045.ab,727078,Stage_1,0,42538380cabe1eed2349c937433bb39cdb267595d0262883f43efaecc67bf1bd
character_largeimage_h0047.ab,character_largeimage_h0047.ab,2207700,Stage_1,0,f37e01da4d3f6d368723c3758b93e4d7324e40d45462d0eab464bbdb7fee1813
character_largeimage_h0048.ab,character_largeimage_h0048.ab,1999173,Stage_1,0,9371f8fbaca6dd755f4c4ec657a0b669f7bc77c96b8f919fc47be03ce4241cb3
character_largeimage_h0097.ab,character_largeimage_h0097.ab,3183647,Stage_1,0,15bf84e2c1d607aadd9876cf800eea710a099f47122b0850820fcea6e3bf7592
character_largeimage_h0133.ab,character_largeimage_h0133.ab,1935008,Stage_1,0,2a0cbbbe87e1c9ae353c83f44171257537a5217c11507de7a90b30c04b6e4bbc
character_largeimage_h0134.ab,character_largeimage_h0134.ab,1811682,Stage_1,0,4db30eda20198fe61a4b461eda322b69d5c22eb501b4aa47b353791a4a4dcbaf
character_largeimage_h0135.ab,character_largeimage_h0135.ab,2884291,Stage_1,0,3eb6512d34ba553bde252502c7be952ddaa3f7250083abac1eeed1bd682012f5
character_largeimage_h0136.ab,character_largeimage_h0136.ab,1894693,Stage_1,0,d0b8ffce2b1b424bbf9c738d649ebb63da97f860662786f70a790ea5c7c4aa60
character_largeimage_h0137.ab,character_largeimage_h0137.ab,4436044,Stage_1,0,712d121a9f07cef659d7ca815e30eea82c141e7eb06e9a6b315dfe9015c51a78
character_largeimage_h0138.ab,character_largeimage_h0138.ab,2018679,Stage_1,0,0dc6d153ef5887a129b6d95e521314af9b29ffd2a81b9f4c9870d67ebf230a0e
character_largeimage_h0150.ab,character_largeimage_h0150.ab,1924288,Stage_1,0,f9921156cf31a0c863b97bf54358a0d1ef1327265ea7c70476c46ec8b14a3bd0
character_largeimage_h0151.ab,character_largeimage_h0151.ab,1762090,Stage_1,0,7f34316e33555b35dcc717dbed2f2904a2aa2226ceab3ef7b18239976e7b052f
character_largeimage_h0152.ab,character_largeimage_h0152.ab,1815137,Stage_1,0,6b4a55b759bbf139aecb9aeafc5293a505974da6fd274cdd9daf2e3027bc41ab
character_largeimage_h0154.ab,character_largeimage_h0154.ab,1902141,Stage_1,0,f0cbc235a0cbdec17879b0353d4d6cbf594b8e83997587cf3daf61da230de544
character_largeimage_h0157.ab,character_largeimage_h0157.ab,1981520,Stage_1,0,f98a956af113dde94500c95207b0b697b3d87824f34394979018cfe7eb7ccdcd
character_largeimage_h0159.ab,character_largeimage_h0159.ab,2015887,Stage_1,0,37a54eb1c5f27bf3e6d4eefad4a857e6947cb2688813dfce1af3d5f10175a133
character_largeimage_h0161.ab,character_largeimage_h0161.ab,2839792,Stage_1,0,01bed45560848f35b577c0cbf8f2999d3ab60cd53f07915934af9c7d121fda0e
character_largeimage_h0162.ab,character_largeimage_h0162.ab,599614,Stage_1,0,090b204f9d55258560607d679cd13cc033294cdb826b30556a63f06a0c29b182
character_largeimage_h0163.ab,character_largeimage_h0163.ab,1680814,Stage_1,0,451ff2525962308b2ffc4a9a97bc6ddf643c7c1109c4b63f3d80e8db3278615e
character_largeimage_h0164.ab,character_largeimage_h0164.ab,587468,Stage_1,0,4c9f35934c136209c97cab8cd4277e5717ddc3dfeebc60c7d44bc792199d3d08
character_largeimage_h0165.ab,character_largeimage_h0165.ab,779970,Stage_1,0,068939cdda248e3fedd5b710c0038384e3c20c3a51357401ebec4fce3c4a9bcd
character_largeimage_h0166.ab,character_largeimage_h0166.ab,692056,Stage_1,0,1494056889b23d75c1261ea9db1a6e2e04caf05472c2d896d344ff1f9651215c
character_largeimage_h0167.ab,character_largeimage_h0167.ab,838136,Stage_1,0,ec87b271c4e287d888cb792089e488130a2897549287cac24ced5df6633d7464
character_largeimage_h0168.ab,character_largeimage_h0168.ab,785380,Stage_1,0,5d9c24ae54778f705b4759691dd10cfe92f929dad73e202c50b6bad0fccbab29
character_largeimage_h0169.ab,character_largeimage_h0169.ab,798459,Stage_1,0,7da893125fa52a0cb9e3f7218c8f9589310ba839b1d2f8503406cfb03feedb8d
character_largeimage_h0170.ab,character_largeimage_h0170.ab,728297,Stage_1,0,0fe059a58c06fdc1f0a080e71652c60d85fcf3ac59c5033345706aaeb970f325
character_largeimage_h0171.ab,character_largeimage_h0171.ab,712509,Stage_1,0,2c9c42813196894280f847230de50589d62109e32ea809e44ab0900d084bb269
character_largeimage_h0172.ab,character_largeimage_h0172.ab,652170,Stage_1,0,fa1cd857c2f877ed2a546094669244868edc41e5759684d4275095978b38e960
character_largeimage_h0174.ab,character_largeimage_h0174.ab,735341,Stage_1,0,014938cc09dc0456de5bed85ca658ba0d984a2d8a016acc5bffc70ae8767109a
character_largeimage_h0175.ab,character_largeimage_h0175.ab,742293,Stage_1,0,b101b526e3b3e900f3fba8ba658000e9c21a06da12a97db8e6e1e7c8e71535b9
character_largeimage_h0176.ab,character_largeimage_h0176.ab,826507,Stage_1,0,6592f81a7ac9355b57a3ffec72c98d2acf408d582ad1cb75ef6043ba477e66f7
character_largeimage_h0177.ab,character_largeimage_h0177.ab,695750,Stage_1,0,c85ad67e4cf1617895254bcd4ba431865578a73cec3ca75b2619be4e0dabedd5
character_largeimage_h0185.ab,character_largeimage_h0185.ab,2121513,Stage_1,0,1c528855ee84f7cc57781c3aa9368b519eaf484cda48fbb4aefaa0beeb8088b3
character_largeimage_h0191.ab,character_largeimage_h0191.ab,753461,Stage_1,0,8cc1ceeef111ddbf41234af9286e40c7cc5baa4126ea8720f4ce770358811b24
character_largeimage_h0192.ab,character_largeimage_h0192.ab,741348,Stage_1,0,66f7e06ca7522be11f938b76999331189ea77ea974ea39529f915b576818838e
character_largeimage_h0193.ab,character_largeimage_h0193.ab,681363,Stage_1,0,f69001a50dd4944eb3ed5febf7affdd6935d9856741b1a89e9192d691e725067
character_largeimage_h0198.ab,character_largeimage_h0198.ab,712817,Stage_1,0,378c0be844a12455728721579b8f021bbf06988bf27ee78fe83f7d69be3bcc50
character_largeimage_h0199.ab,character_largeimage_h0199.ab,638642,Stage_1,0,6abcad1554f2029a1606d78c0b4af00ea07d77891013a569a05df41d480475cd
character_largeimage_h0200.ab,character_largeimage_h0200.ab,793474,Stage_1,0,b15b57311efce349aa175eba9edc55b03ce01be2c6a6b72230d6b7915bc381d4
character_largeimage_h0201.ab,character_largeimage_h0201.ab,816979,Stage_1,0,fd9f85fe2d6c8a22a29188bb3ec67d6bf7b98b9458372001af03cab491349aeb
character_largeimage_m0011.ab,character_largeimage_m0011.ab,2772777,Stage_1,0,1024562e88af2d87126f3df852d5708234e22ed25e549a24acb8bf3599ee8cd3
character_largeimage_r0034.ab,character_largeimage_r0034.ab,2197554,Stage_1,0,a3dab9d37bd99e4d8645705461f5abbecea55b9ad1e11a2690d66eab20b05aed
character_largeimage_r0160.ab,character_largeimage_r0160.ab,2098490,Stage_1,0,dcbb884f927cfbbe4c5eb486e219d2695ee67eec68049283704ba4a3a1fad67b
character_largeimage_r0173.ab,character_largeimage_r0173.ab,784010,Stage_1,0,ab61e1b8ba6c85931be00a00bf70bd4ff50401bde7fdbadd46fba4b15b2b3a3b
character_largeimage_t0017.ab,character_largeimage_t0017.ab,3963142,Stage_1,0,cf1bbde1c999bd2808c93665ab9772302d4c945ecc210d325e5cf19cc2621a06
character_largeimage_t0026.ab,character_largeimage_t0026.ab,2642424,Stage_1,0,7f6ff475f37b9166490bb4dd5ce66e91b52ff38b58d6f5248b5b90802505cbca
character_largeimage_t0027.ab,character_largeimage_t0027.ab,2345835,Stage_1,0,837bc034316108d11ff43d4bd152aa27729ab7b12fb2ded3e142234b3c5ba9bb
character_largeimage_t0032.ab,character_largeimage_t0032.ab,2655499,Stage_1,0,b09ecbd6c2d1a1171bf307f5eac2242d3a05744849a0b96ee8383b04884c0165
character_largeimage_t0033.ab,character_largeimage_t0033.ab,2340879,Stage_1,0,a801f263f358415111450c3eae0d8951619e76e717dac05c5dca16da889539e8
character_largeimage_t0039.ab,character_largeimage_t0039.ab,714371,Stage_1,0,2256a5c6f3fc40481a5f9e0926d7903d1f6cb84e40d822a1f556e66ea7b750b2
character_largeimage_t0044.ab,character_largeimage_t0044.ab,648465,Stage_1,0,ee3098814d36a7877a2b9d11ee92ed5a6e47e14a7c502d66a689e377316a683e
character_largeimage_t0049.ab,character_largeimage_t0049.ab,1662425,Stage_1,0,ca0beed23f9e68332ff594f1a59b137b70d2771a4b3415e2bf49c047efa25456
character_largeimage_t0153.ab,character_largeimage_t0153.ab,1803629,Stage_1,0,805528c0a8609d679ac67e7664b4722ae2e7f74f6bd07629a18a299b681fb1e0
character_largeimage_t0155.ab,character_largeimage_t0155.ab,1983346,Stage_1,0,0e2c90b02a1c95946a9a0a4da72cd965fc7d561022d7376c7a997faea2f0df39
character_largeimage_t0156.ab,character_largeimage_t0156.ab,2024839,Stage_1,0,507016dfa36f239fa22df02ec0bd20563770c7f27bf85a60ca1f6308750a524d
character_largeimage_t0158.ab,character_largeimage_t0158.ab,2847546,Stage_1,0,f7a690423d5128a74dc7e90aefe7689c1bd236939be907c1c6c5bb4cf35e0d5c
character_largeimage_t0180.ab,character_largeimage_t0180.ab,1994394,Stage_1,0,3b56fbe4db2a160560a9fe06448a1a4a427409feeb239a35594c6864fde6bb87
character_largeimage_t0181.ab,character_largeimage_t0181.ab,2274166,Stage_1,0,38cd66ffcae05f62c0bb12b9109038dbed6c81f2d7ae3a13b07d2c8d7f925c13
character_largeimage_t0184.ab,character_largeimage_t0184.ab,2093146,Stage_1,0,e5574da8817ec63994ed859204b904f2abad79dbb5ef838d0e8c44d52daf2746
character_largeimage_uncategorized_0.ab,character_largeimage_uncategorized_0.ab,445574,Stage_1,0,fadf52f2bbe20858d59dc799e14e6e34b43e4d4b5d610a4e5a150a03a634dfc8


